building_name,building_id,room_id,room_name,type,type_name,capacity
Aðalbygging,4,1855,E,21.0,Opið rými,
Aðalbygging,4,66,A-218,7.0,Skrifstofa,
Aðalbygging,4,1902,Rafhjól,34.0,Hjól,
Aðalbygging,4,1906,A-223a fundarherbergi,13.0,Herbergi,8.0
Aðalbygging,4,2005,Saga-Grillið Sérrými,5.0,Fundarherbergi,
Aðalbygging,4,2089,"EIR-201Ca, færnistofa",24.0,Verknámsstofa,10.0
Aðalbygging,4,1797,ekkert,7.0,Skrifstofa,
Aðalbygging,4,1732,Turn,7.0,Skrifstofa,
Aðalbygging,4,1726,A-047,7.0,Skrifstofa,
Aðalbygging,4,28,A-303,8.0,Kaffistofa,
Aðalbygging,4,62,A-207,7.0,Skrifstofa,36.0
Aðalbygging,4,70,A-313,7.0,Skrifstofa,
Aðalbygging,4,31,A-316,7.0,Skrifstofa,
Aðalbygging,4,37,A-318,7.0,Skrifstofa,
Aðalbygging,4,38,A-319,7.0,Skrifstofa,
Aðalbygging,4,56,A-324,7.0,Skrifstofa,
Aðalbygging,4,71,A-070,13.0,Herbergi,
Aðalbygging,4,102,A-103,7.0,Skrifstofa,
Aðalbygging,4,30,A-315,7.0,Skrifstofa,
Aðalbygging,4,100,A-228,7.0,Skrifstofa,
Aðalbygging,4,42,A-325,7.0,Skrifstofa,
Aðalbygging,4,79,A-007,7.0,Skrifstofa,
Aðalbygging,4,1646,A-004,7.0,Skrifstofa,
Aðalbygging,4,41,A-314,7.0,Skrifstofa,
Aðalbygging,4,103,A-104,7.0,Skrifstofa,
Aðalbygging,4,73,A-124,7.0,Skrifstofa,
Aðalbygging,4,91,A-126,7.0,Skrifstofa,
Aðalbygging,4,83,A-105,7.0,Skrifstofa,
Aðalbygging,4,96,A-106,7.0,Skrifstofa,
Aðalbygging,4,97,A-107,7.0,Skrifstofa,
Aðalbygging,4,98,A-108,7.0,Skrifstofa,
Aðalbygging,4,99,A-109,7.0,Skrifstofa,
Aðalbygging,4,89,A-121,7.0,Skrifstofa,
Aðalbygging,4,90,A-122,7.0,Skrifstofa,
Aðalbygging,4,72,A-123,7.0,Skrifstofa,
Aðalbygging,4,92,A-127,7.0,Skrifstofa,
Aðalbygging,4,105,A-160,7.0,Skrifstofa,
Aðalbygging,4,104,A-116,7.0,Skrifstofa,
Aðalbygging,4,95,A-164,7.0,Skrifstofa,
Aðalbygging,4,52,A-219,7.0,Skrifstofa,
Aðalbygging,4,88,A-120,7.0,Skrifstofa,
Aðalbygging,4,106,A-161,7.0,Skrifstofa,
Aðalbygging,4,107,A-162,7.0,Skrifstofa,
Aðalbygging,4,94,A-163,7.0,Skrifstofa,
Aðalbygging,4,27,A-302,8.0,Kaffistofa,
Aðalbygging,4,64,A-225,7.0,Skrifstofa,
Aðalbygging,4,54,A-223,7.0,Skrifstofa,
Aðalbygging,4,43,A-326,7.0,Skrifstofa,
Aðalbygging,4,44,A-327,7.0,Skrifstofa,
Aðalbygging,4,45,A-328,7.0,Skrifstofa,
Aðalbygging,4,51,A-330,7.0,Skrifstofa,
Aðalbygging,4,46,A-331,7.0,Skrifstofa,
Aðalbygging,4,47,A-332,7.0,Skrifstofa,
Aðalbygging,4,39,A-033,7.0,Skrifstofa,
Aðalbygging,4,40,A-034,7.0,Skrifstofa,
Aðalbygging,4,74,A-044,7.0,Skrifstofa,
Aðalbygging,4,75,A-045,7.0,Skrifstofa,
Aðalbygging,4,76,A-046,7.0,Skrifstofa,
Aðalbygging,4,57,A-333,7.0,Skrifstofa,
Aðalbygging,4,93,A-128,7.0,Skrifstofa,
Aðalbygging,4,1671,"A-131, bókastofa",28.0,Miðjan,
Aðalbygging,4,53,A-222,7.0,Skrifstofa,
Aðalbygging,4,12,A-148,7.0,Skrifstofa,
Aðalbygging,4,60,A-050,3.0,Kennslustofa,30.0
Aðalbygging,4,81,HÁTÍÐASALUR,1.0,Fyrirlestrasalur,180.0
Aðalbygging,4,2091,"EIR201CA, færnistofa",24.0,Verknámsstofa,10.0
Aðalbygging,4,1861,"Nissan Leaf RHF87, lykill á þjónustuborði Háskólatorgi",33.0,Bíll,5.0
Aðalbygging,4,61,A-051,3.0,Kennslustofa,24.0
Aðalbygging,4,15,A-052,3.0,Kennslustofa,36.0
Aðalbygging,4,65,A-220,3.0,Kennslustofa,40.0
Aðalbygging,4,67,A-229,3.0,Kennslustofa,20.0
Aðalbygging,4,1262,A-027,7.0,Skrifstofa,
Aðalbygging,4,1447,A-070,13.0,Herbergi,
Aðalbygging,4,4,A-139,7.0,Skrifstofa,
Aðalbygging,4,5,A-140,7.0,Skrifstofa,
Aðalbygging,4,6,A-141,7.0,Skrifstofa,
Aðalbygging,4,7,A-143,7.0,Skrifstofa,
Aðalbygging,4,2090,"EIR-201Ca, færnistofa",24.0,Verknámsstofa,10.0
Aðalbygging,4,1620,"A-201, 2. hæð",21.0,Opið rými,
Aðalbygging,4,2,A-137,7.0,Skrifstofa,
Aðalbygging,4,9,A-145,7.0,Skrifstofa,
Aðalbygging,4,10,A-146,7.0,Skrifstofa,
Aðalbygging,4,11,A-147,7.0,Skrifstofa,
Aðalbygging,4,63,A-217,13.0,Herbergi,
Aðalbygging,4,13, ,25.0,Vinnurými,
Aðalbygging,4,59,A-111,7.0,Skrifstofa,
Aðalbygging,4,19,A-021,7.0,Skrifstofa,
Aðalbygging,4,14,"A-049, bænaherbergi",13.0,Herbergi,
Aðalbygging,4,8,A-144,7.0,Skrifstofa,
Aðalbygging,4,29,A-304,7.0,Skrifstofa,
Aðalbygging,4,50,A-329,7.0,Skrifstofa,
Aðalbygging,4,25,KAPELLA,25.0,Vinnurými,
Aðalbygging,4,16,A-018,7.0,Skrifstofa,
Aðalbygging,4,17,A-019,7.0,Skrifstofa,
Aðalbygging,4,82,HÁTÍÐARSALUR - ekki í notkun,25.0,Vinnurými,
Aðalbygging,4,78,A-005,7.0,Skrifstofa,
Aðalbygging,4,84,A-114,7.0,Skrifstofa,
Aðalbygging,4,85,A-115,7.0,Skrifstofa,
Aðalbygging,4,86,A-117,7.0,Skrifstofa,
Aðalbygging,4,87,A-119,7.0,Skrifstofa,
Aðalbygging,4,1619,"A-101, 1. hæð",21.0,Opið rými,
Aðalbygging,4,1673,A-299,13.0,Herbergi,
Aðalbygging,4,55,"A-224, Doktorsherbergi",5.0,Fundarherbergi,
Aðalbygging,4,69,A-231,7.0,Skrifstofa,
Aðalbygging,4,18,A-020,7.0,Skrifstofa,
Aðalbygging,4,20,A-022,7.0,Skrifstofa,
Aðalbygging,4,21,A-023,7.0,Skrifstofa,
Aðalbygging,4,22,A-024,7.0,Skrifstofa,
Aðalbygging,4,23,A-025,7.0,Skrifstofa,
Aðalbygging,4,24,A-026,7.0,Skrifstofa,
Aðalbygging,4,77,A-048,13.0,Herbergi,
Aðalbygging,4,48,A-334,7.0,Skrifstofa,
Aðalbygging,4,32,A-335,7.0,Skrifstofa,
Aðalbygging,4,33,A-336,8.0,Kaffistofa,
Aðalbygging,4,34,A-337,7.0,Skrifstofa,
Aðalbygging,4,35,A-338,7.0,Skrifstofa,
Aðalbygging,4,36,A-339,7.0,Skrifstofa,
Aðalbygging,4,49,A-340,7.0,Skrifstofa,
Aðalbygging,4,58,A-053,7.0,Skrifstofa,
Aðalbygging,4,101,"A-110, Háskólaráðsherbergi bókað í Outlook",5.0,Fundarherbergi,
Aðalbygging,4,3,A-138 - fundarh.,7.0,Skrifstofa,
Aðalbygging,4,68,A-230,7.0,Skrifstofa,
Aðalbygging,4,1446,A-069,3.0,Kennslustofa,24.0
Aflfræðistofnun Selfossi,59,1537,,7.0,Skrifstofa,
Aragata 14,55,935,Ag14-209,31.0,Annað,
Aragata 14,55,936,Ag14-211,7.0,Skrifstofa,
Aragata 14,55,934,Ag14-207,31.0,Annað,
Aragata 14,55,926,Ag14-109,7.0,Skrifstofa,
Aragata 14,55,927,Ag14-110,7.0,Skrifstofa,
Aragata 14,55,928,Ag14-114,7.0,Skrifstofa,
Aragata 14,55,929,Ag14-116,7.0,Skrifstofa,
Aragata 14,55,930,Ag14-117,7.0,Skrifstofa,
Aragata 14,55,932,Ag14-204,7.0,Skrifstofa,
Aragata 14,55,925,Ag14-106,7.0,Skrifstofa,
Aragata 14,55,931,Ag14-119,7.0,Skrifstofa,
Aragata 9,2,937,Ag9-001,7.0,Skrifstofa,
Aragata 9,2,938,Ag9-004,7.0,Skrifstofa,
Aragata 9,2,939,Ag9-104,7.0,Skrifstofa,
Aragata 9,2,940,Ag9-106,7.0,Skrifstofa,
Aragata 9,2,941,Ag9-107,7.0,Skrifstofa,
Aragata 9,2,942,Ag9-108,7.0,Skrifstofa,
Aragata 9,2,943,Ag9-109,7.0,Skrifstofa,
Askja,51,1881,N-212,7.0,Skrifstofa,
Askja,51,1206,N-357 - GIS Lab,9.0,Lab,
Askja,51,2004,N-312,7.0,Skrifstofa,
Askja,51,1680,N-344,7.0,Skrifstofa,
Askja,51,1958,N-317,7.0,Skrifstofa,
Askja,51,1075,N-190,9.0,Lab,
Askja,51,1157,N-325,7.0,Skrifstofa,
Askja,51,1681,N-344,7.0,Skrifstofa,
Askja,51,1077,"N-192, rannsóknast.",22.0,Rannsóknastofa,
Askja,51,1048,N-161 - verkleg kennslust.,24.0,Verknámsstofa,
Askja,51,1290,N-166 - Tölvuver,4.0,Tölvuver,25.0
Askja,51,2077,N-366b,7.0,Skrifstofa,
Askja,51,2076,N-366a,7.0,Skrifstofa,
Askja,51,1247,N-132,3.0,Kennslustofa,150.0
Askja,51,1236,N-121,3.0,Kennslustofa,22.0
Askja,51,1029,N-142,7.0,Skrifstofa,
Askja,51,1030,N-143,7.0,Skrifstofa,
Askja,51,1031,N-144,7.0,Skrifstofa,
Askja,51,1032,N-145,7.0,Skrifstofa,
Askja,51,1033,N-146,7.0,Skrifstofa,
Askja,51,1034,N-147,7.0,Skrifstofa,
Askja,51,1035,N-148,7.0,Skrifstofa,
Askja,51,1036,N-149,7.0,Skrifstofa,
Askja,51,1037,N-150,7.0,Skrifstofa,
Askja,51,1038,N-151,7.0,Skrifstofa,
Askja,51,1039,N-152,7.0,Skrifstofa,
Askja,51,1040,N-153,7.0,Skrifstofa,
Askja,51,1042,N-155,7.0,Skrifstofa,
Askja,51,1043,N-156,7.0,Skrifstofa,
Askja,51,1045,N-158,7.0,Skrifstofa,
Askja,51,1046,N-159,7.0,Skrifstofa,
Askja,51,1047,N-160,7.0,Skrifstofa,
Askja,51,1080,N-221,7.0,Skrifstofa,
Askja,51,1088,N-229,7.0,Skrifstofa,
Askja,51,1082,N-223,7.0,Skrifstofa,
Askja,51,1083,N-224,7.0,Skrifstofa,
Askja,51,1084,N-225,7.0,Skrifstofa,
Askja,51,1085,N-226,7.0,Skrifstofa,
Askja,51,1086,N-227,7.0,Skrifstofa,
Askja,51,1089,N-230,7.0,Skrifstofa,
Askja,51,1081,N-222,7.0,Skrifstofa,
Askja,51,1087,N-228,7.0,Skrifstofa,
Askja,51,1090,N-231,7.0,Skrifstofa,
Askja,51,1091,N-232,7.0,Skrifstofa,
Askja,51,1092,N-233,7.0,Skrifstofa,
Askja,51,1093,N-234,7.0,Skrifstofa,
Askja,51,1094,N-235,7.0,Skrifstofa,
Askja,51,1095,N-236,7.0,Skrifstofa,
Askja,51,1096,N-237,7.0,Skrifstofa,
Askja,51,1097,N-238,7.0,Skrifstofa,
Askja,51,1098,N-239,7.0,Skrifstofa,
Askja,51,1028,N-141,7.0,Skrifstofa,
Askja,51,1101,N-242,7.0,Skrifstofa,
Askja,51,1102,N-243,7.0,Skrifstofa,
Askja,51,1103,N-244,7.0,Skrifstofa,
Askja,51,1104,N-245,7.0,Skrifstofa,
Askja,51,1105,N-246,7.0,Skrifstofa,
Askja,51,1106,N-247,7.0,Skrifstofa,
Askja,51,1107,N-248,7.0,Skrifstofa,
Askja,51,1108,N-249,7.0,Skrifstofa,
Askja,51,1161,N-329,7.0,Skrifstofa,
Askja,51,1109,"N-250, rannsóknast.",22.0,Rannsóknastofa,
Askja,51,1118,"N-259, rannsóknast.",22.0,Rannsóknastofa,
Askja,51,1100,N-241,7.0,Skrifstofa,
Askja,51,1153,N-321,7.0,Skrifstofa,
Askja,51,1154,N-322,7.0,Skrifstofa,
Askja,51,1155,N-323,7.0,Skrifstofa,
Askja,51,1156,N-324,7.0,Skrifstofa,
Askja,51,1158,N-326,7.0,Skrifstofa,
Askja,51,1159,N-327,7.0,Skrifstofa,
Askja,51,1160,N-328,7.0,Skrifstofa,
Askja,51,1163,N-331,7.0,Skrifstofa,
Askja,51,1164,N-332,7.0,Skrifstofa,
Askja,51,1165,N-333,7.0,Skrifstofa,
Askja,51,1166,N-334,7.0,Skrifstofa,
Askja,51,1167,N-335,7.0,Skrifstofa,
Askja,51,1168,N-336,7.0,Skrifstofa,
Askja,51,1169,N-337,7.0,Skrifstofa,
Askja,51,1170,N-338,7.0,Skrifstofa,
Askja,51,1171,N-339,7.0,Skrifstofa,
Askja,51,1172,N-340,7.0,Skrifstofa,
Askja,51,1173,N-341,7.0,Skrifstofa,
Askja,51,1174,N-342,7.0,Skrifstofa,
Askja,51,1175,N-343,7.0,Skrifstofa,
Askja,51,1176,N-345,7.0,Skrifstofa,
Askja,51,1178,N-347,7.0,Skrifstofa,
Askja,51,1179,N-348,7.0,Skrifstofa,
Askja,51,1181,"N-350, rannsóknast.",22.0,Rannsóknastofa,
Askja,51,1238,N-123,7.0,Skrifstofa,
Askja,51,1239,N-124,7.0,Skrifstofa,
Askja,51,1240,N-125,7.0,Skrifstofa,
Askja,51,1241,N-126,7.0,Skrifstofa,
Askja,51,1242,N-127,7.0,Skrifstofa,
Askja,51,1248,N-133,7.0,Skrifstofa,0.0
Askja,51,1184,N-353,7.0,Skrifstofa,
Askja,51,1237,N-122,7.0,Skrifstofa,
Askja,51,1188,"N-357, sérrými sviðs",13.0,Herbergi,
Askja,51,1338,N-301 - Opið rými,21.0,Opið rými,
Askja,51,1337,N-201 - Opið rými,21.0,Opið rými,
Askja,51,1293,Kennaraherbergi-platfærsla,7.0,Skrifstofa,
Askja,51,1339,N-101 - Opið rými,21.0,Opið rými,
Askja,51,1060,N-173 - Sérstofa VoN,5.0,Fundarherbergi,6.0
Askja,51,1198,N-367 - Sérstofa VoN,13.0,Herbergi,26.0
Askja,51,1041,N-154,7.0,Skrifstofa,
Askja,51,1235,N-120 - Sérstofa VoN,31.0,Annað,8.0
Askja,51,1123,"N-264, rannsóknast.",22.0,Rannsóknastofa,24.0
Askja,51,1180,N-349,7.0,Skrifstofa,
Askja,51,1177,N-346,7.0,Skrifstofa,
Askja,51,1162,N-330,7.0,Skrifstofa,
Askja,51,1099,N-240,7.0,Skrifstofa,
Askja,51,1079,"N-196, verkleg kennslust.",24.0,Verknámsstofa,
Askja,51,1674,N-266a,9.0,Lab,
Askja,51,1962,VW EUP MNP99,33.0,Bíll,5.0
Askja,51,1049,N-162,9.0,Lab,
Askja,51,1044,N-157,9.0,Lab,
Askja,51,1050,N-163,9.0,Lab,
Askja,51,1059,N-172,9.0,Lab,
Askja,51,1051,N-164,9.0,Lab,
Askja,51,1052,N-165,9.0,Lab,
Askja,51,1054,N-167,9.0,Lab,
Askja,51,1055,N-168,9.0,Lab,
Askja,51,1056,N-169,9.0,Lab,
Askja,51,1057,N-170,9.0,Lab,
Askja,51,1058,N-171,9.0,Lab,
Askja,51,1061,N-174,9.0,Lab,
Askja,51,1062,N-175,9.0,Lab,
Askja,51,1063,N-176,9.0,Lab,
Askja,51,1064,N-177,9.0,Lab,
Askja,51,1065,N-178,9.0,Lab,
Askja,51,1066,N-179,9.0,Lab,
Askja,51,1068,N-181,9.0,Lab,
Askja,51,1069,N-182,9.0,Lab,
Askja,51,1070,N-183,9.0,Lab,
Askja,51,1071,N-184,9.0,Lab,
Askja,51,1072,N-185,9.0,Lab,
Askja,51,1073,N-186,9.0,Lab,
Askja,51,1074,N-187,9.0,Lab,
Askja,51,1076,N-191,9.0,Lab,
Askja,51,1078,N-193,9.0,Lab,
Askja,51,1110,N-251,9.0,Lab,
Askja,51,1111,N-252,9.0,Lab,
Askja,51,1112,N-253,9.0,Lab,
Askja,51,1113,N-254,9.0,Lab,
Askja,51,1114,N-255,9.0,Lab,
Askja,51,1115,N-256,9.0,Lab,
Askja,51,1116,N-257,9.0,Lab,
Askja,51,1117,N-258,9.0,Lab,
Askja,51,1119,N-260,9.0,Lab,
Askja,51,1120,N-261,9.0,Lab,
Askja,51,1121,N-262,9.0,Lab,
Askja,51,1122,N-263,9.0,Lab,
Askja,51,1126,N-267,9.0,Lab,
Askja,51,1127,N-268,9.0,Lab,
Askja,51,1128,N-269,9.0,Lab,
Askja,51,1129,N-270,9.0,Lab,
Askja,51,1130,N-271,9.0,Lab,
Askja,51,1131,N-272,9.0,Lab,
Askja,51,1132,N-273,9.0,Lab,
Askja,51,1133,N-274,9.0,Lab,
Askja,51,1135,N-276,9.0,Lab,
Askja,51,1136,N-277,9.0,Lab,
Askja,51,1137,N-278,9.0,Lab,
Askja,51,1138,N-279,9.0,Lab,
Askja,51,1139,N-280,9.0,Lab,
Askja,51,1140,N-281,9.0,Lab,
Askja,51,1141,N-282,9.0,Lab,
Askja,51,1142,N-283,9.0,Lab,
Askja,51,1143,N-284,9.0,Lab,
Askja,51,1144,N-285,9.0,Lab,
Askja,51,1145,N-286,9.0,Lab,
Askja,51,1147,N-288,9.0,Lab,
Askja,51,1148,N-289,9.0,Lab,
Askja,51,1149,N-290,9.0,Lab,
Askja,51,1150,N-291,9.0,Lab,
Askja,51,1151,N-292,9.0,Lab,
Askja,51,1152,N-293,9.0,Lab,
Askja,51,1146,N-287,9.0,Lab,
Askja,51,1134,N-275,9.0,Lab,
Askja,51,1182,N-351,9.0,Lab,
Askja,51,1183,N-352,9.0,Lab,
Askja,51,1185,N-354,9.0,Lab,
Askja,51,1186,N-355,9.0,Lab,
Askja,51,1187,N-356,9.0,Lab,
Askja,51,1189,N-358,9.0,Lab,
Askja,51,1190,N-359,9.0,Lab,
Askja,51,1192,N-361,9.0,Lab,
Askja,51,1193,N-362,9.0,Lab,
Askja,51,1194,N-363,9.0,Lab,
Askja,51,1195,N-364,9.0,Lab,
Askja,51,1196,N-365,9.0,Lab,
Askja,51,1197,N-366,9.0,Lab,
Askja,51,1199,N-368,9.0,Lab,
Askja,51,1200,N-369,9.0,Lab,
Askja,51,1201,N-370,9.0,Lab,
Askja,51,1202,N-371,9.0,Lab,
Askja,51,1203,N-372,9.0,Lab,
Askja,51,1204,N-373,9.0,Lab,
Askja,51,1205,N-374,9.0,Lab,
Askja,51,1207,N-376,9.0,Lab,
Askja,51,1208,N-377,9.0,Lab,
Askja,51,1209,N-378,9.0,Lab,
Askja,51,1210,N-379,9.0,Lab,
Askja,51,1211,N-380,9.0,Lab,
Askja,51,1212,N-381,9.0,Lab,
Askja,51,1213,N-382,9.0,Lab,
Askja,51,1214,N-383,9.0,Lab,
Askja,51,1215,N-384,9.0,Lab,
Askja,51,1216,N-385,9.0,Lab,
Askja,51,1218,N-387,9.0,Lab,
Askja,51,1219,N-388,9.0,Lab,
Askja,51,1220,N-389,9.0,Lab,
Askja,51,1221,N-390,9.0,Lab,
Askja,51,1222,N-400,9.0,Lab,
Askja,51,1067,N-180,9.0,Lab,
Askja,51,1124,N-265,9.0,Lab,
Askja,51,1125,N-266,9.0,Lab,
Askja,51,1191,N-360,9.0,Lab,
Askja,51,1217,N-386,9.0,Lab,
Askja,51,1675,x- Ekki nota,9.0,Lab,
Askja,51,1676,x- Ekki nota,9.0,Lab,
Askja,51,1245,N-130,3.0,Kennslustofa,35.0
Askja,51,1243,N-128,3.0,Kennslustofa,24.0
Askja,51,1246,N-131,3.0,Kennslustofa,55.0
Askja,51,1244,N-129,3.0,Kennslustofa,25.0
Askja Norræna Eldfjallasetrið,56,1538,,7.0,Skrifstofa,
Ármúli 1,102,,,,,
Árnagarður,42,1854,Á-306D,7.0,Skrifstofa,
Árnagarður,42,915,Ág-301,3.0,Kennslustofa,78.0
Árnagarður,42,918,Ág-423,7.0,Skrifstofa,
Árnagarður,42,2099,Ág-103 Fornleifafræði,24.0,Verknámsstofa,20.0
Árnagarður,42,1853,Ág-306,3.0,Kennslustofa,86.0
Árnagarður,42,1277,Ág-311,3.0,Kennslustofa,38.0
Árnagarður,42,913,Ág-101,3.0,Kennslustofa,30.0
Árnagarður,42,899,Ág-410,7.0,Skrifstofa,
Árnagarður,42,891,Ág-402,7.0,Skrifstofa,
Árnagarður,42,881,Ág-103,8.0,Kaffistofa,
Árnagarður,42,1276,Ág-304,3.0,Kennslustofa,60.0
Árnagarður,42,884,Ág-310,3.0,Kennslustofa,22.0
Árnagarður,42,852,Ág-115,7.0,Skrifstofa,
Árnagarður,42,853,Ág-116,7.0,Skrifstofa,
Árnagarður,42,854,Ág-117,7.0,Skrifstofa,
Árnagarður,42,855,Ág-118,7.0,Skrifstofa,
Árnagarður,42,856,Ág-119,7.0,Skrifstofa,
Árnagarður,42,858,Ág-121,7.0,Skrifstofa,
Árnagarður,42,859,Ág-122,7.0,Skrifstofa,
Árnagarður,42,882,Ág-129,7.0,Skrifstofa,
Árnagarður,42,861,Ág-131,7.0,Skrifstofa,
Árnagarður,42,876,Ág-213,7.0,Skrifstofa,
Árnagarður,42,883,Á-305,7.0,Skrifstofa,
Árnagarður,42,863,Á-302,7.0,Skrifstofa,
Árnagarður,42,866,Á-320,7.0,Skrifstofa,
Árnagarður,42,867,Á-321,7.0,Skrifstofa,
Árnagarður,42,890,Á-322,7.0,Skrifstofa,
Árnagarður,42,911,Ág-425,7.0,Skrifstofa,
Árnagarður,42,871,Ág-429,7.0,Skrifstofa,
Árnagarður,42,872,Ág-430,7.0,Skrifstofa,
Árnagarður,42,869,Ág-401,7.0,Skrifstofa,
Árnagarður,42,851,Ág-114,7.0,Skrifstofa,
Árnagarður,42,878,Ág-215,7.0,Skrifstofa,
Árnagarður,42,879,Ág-216,7.0,Skrifstofa,
Árnagarður,42,880,Ág-217,13.0,Herbergi,
Árnagarður,42,864,Á-302,7.0,Skrifstofa,
Árnagarður,42,873,Ág-104,7.0,Skrifstofa,
Árnagarður,42,860,Ág-130,7.0,Skrifstofa,
Árnagarður,42,886,Á-312,7.0,Skrifstofa,
Árnagarður,42,865,Á-319,7.0,Skrifstofa,
Árnagarður,42,887,Á-313,7.0,Skrifstofa,
Árnagarður,42,888,Á-314,7.0,Skrifstofa,
Árnagarður,42,889,Á-315,7.0,Skrifstofa,
Árnagarður,42,885,Á-316,13.0,Herbergi,
Árnagarður,42,868,Á-323,7.0,Skrifstofa,
Árnagarður,42,892,Ág-403,7.0,Skrifstofa,
Árnagarður,42,893,Ág-404,7.0,Skrifstofa,
Árnagarður,42,894,Ág-405,7.0,Skrifstofa,
Árnagarður,42,895,Ág-406,7.0,Skrifstofa,
Árnagarður,42,896,Ág-407,7.0,Skrifstofa,
Árnagarður,42,897,Ág-408,7.0,Skrifstofa,
Árnagarður,42,898,Ág-409,7.0,Skrifstofa,
Árnagarður,42,900,Ág-411,7.0,Skrifstofa,
Árnagarður,42,901,Ág-412,7.0,Skrifstofa,
Árnagarður,42,902,Ág-414,7.0,Skrifstofa,
Árnagarður,42,903,Ág-415,7.0,Skrifstofa,
Árnagarður,42,904,Ág-416,7.0,Skrifstofa,
Árnagarður,42,905,Ág-417,7.0,Skrifstofa,
Árnagarður,42,906,Ág-418,7.0,Skrifstofa,
Árnagarður,42,907,Ág-419,7.0,Skrifstofa,
Árnagarður,42,908,Ág-420,7.0,Skrifstofa,
Árnagarður,42,909,Ág-421,7.0,Skrifstofa,
Árnagarður,42,870,Ág-428,7.0,Skrifstofa,
Árnagarður,42,916,Á-307,7.0,Skrifstofa,
Árnagarður,42,1275,Ág-303,3.0,Kennslustofa,44.0
Árnagarður,42,857,Ág-120,7.0,Skrifstofa,
Árnagarður,42,2098,Ág-103 Fornleifafræði,31.0,Annað,
Árnagarður,42,917,Ág-318,21.0,Opið rými,
Árnagarður,42,1757,Ág-309,3.0,Kennslustofa,40.0
Árnagarður,42,877,Ág-214,7.0,Skrifstofa,
Árnagarður,42,1335,Ág-424,7.0,Skrifstofa,
Árnagarður,42,912,Ág-426,8.0,Kaffistofa,
Árnagarður,42,1053,,25.0,Vinnurými,
Árnagarður,42,874,Ág-211,8.0,Kaffistofa,
Árnagarður,42,875,Ág-212,7.0,Skrifstofa,
Árnagarður,42,862,Ág-218,7.0,Skrifstofa,
Árnagarður,42,914,Ág-201,3.0,Kennslustofa,86.0
Árnagarður,42,910,Ág-422,7.0,Skrifstofa,
Á vettvangi,92,1391,Vettvangsnám,19.0,Vettvangsnám,
Bolholt,89,1540,,7.0,Skrifstofa,
Dunhagi 18,97,1541,,7.0,Skrifstofa,
Dunhagi 3,67,1913,Rau-016,7.0,Skrifstofa,
Dunhagi 3,67,1914,Rau-022,7.0,Skrifstofa,
Dunhagi 3,67,1915,Rau-105,7.0,Skrifstofa,
Dunhagi 3,67,1919,Rau-205,7.0,Skrifstofa,
Dunhagi 3,67,1921,Rau-211,7.0,Skrifstofa,
Dunhagi 3,67,1916,Rau-107,7.0,Skrifstofa,
Dunhagi 3,67,1924,Rau-215,7.0,Skrifstofa,
Dunhagi 3,67,1925,Rau-216,7.0,Skrifstofa,
Dunhagi 3,67,1927,Rau-218,7.0,Skrifstofa,
Dunhagi 3,67,1917,Rau-122,7.0,Skrifstofa,
Dunhagi 3,67,1933,Rau-236,7.0,Skrifstofa,
Dunhagi 3,67,1918,Rau-120,7.0,Skrifstofa,
Dunhagi 3,67,1920,Rau-210,7.0,Skrifstofa,
Dunhagi 3,67,1922,Rau-212,7.0,Skrifstofa,
Dunhagi 3,67,1923,Rau-214,7.0,Skrifstofa,
Dunhagi 3,67,1926,Rau-217,7.0,Skrifstofa,
Dunhagi 3,67,1928,Rau-226,7.0,Skrifstofa,
Dunhagi 3,67,1930,Rau-233,7.0,Skrifstofa,
Dunhagi 3,67,1929,Rau-232,7.0,Skrifstofa,
Dunhagi 3,67,1931,Rau-234,7.0,Skrifstofa,
Dunhagi 3,67,1932,Rau-235,7.0,Skrifstofa,
Dunhagi 3,67,2075,Rau-108,7.0,Skrifstofa,
Dunhagi 3,67,1959,Rau-220,7.0,Skrifstofa,
Dunhagi 3,67,1536,Rau-018,7.0,Skrifstofa,
Dunhagi 7,80,1542,,7.0,Skrifstofa,
Edda,141,2100,Edda-E-208,3.0,Kennslustofa,20.0
Edda,141,2101,Edda-E-209,3.0,Kennslustofa,20.0
Edda,141,2102,Edda-E-210,3.0,Kennslustofa,18.0
Edda,141,2103,Edda-E-218,3.0,Kennslustofa,64.0
Eggertsgata 10,77,1321,Egg 003,10.0,Gestaíbúð,2.0
Eggertsgata 10,77,1319,Egg 001,10.0,Gestaíbúð,2.0
Eggertsgata 10,77,1320,Egg 002,10.0,Gestaíbúð,2.0
Eggertsgata 2,78,1322,Egg 307,10.0,Gestaíbúð,2.0
Eggertsgata 2,78,1323,Egg 308,10.0,Gestaíbúð,2.0
Eirberg,5,1852,EIR-308-B sérstofa,5.0,Fundarherbergi,12.0
Eirberg,5,111,EIR005C-færnistofa,24.0,Verknámsstofa,24.0
Eirberg,5,216,EIR-102,13.0,Herbergi,
Eirberg,5,116,EIR-010,13.0,Herbergi,
Eirberg,5,1755,EIR-ÁRM 401 sérstofa,7.0,Skrifstofa,8.0
Eirberg,5,1754,EIR-ÁRM 101 sérstofa,7.0,Skrifstofa,8.0
Eirberg,5,158,EIR301A sérstofa,32.0,Sérstofa,
Eirberg,5,266,EIR-314,13.0,Herbergi,
Eirberg,5,152,EIR-245,13.0,Herbergi,
Eirberg,5,259,EIR-307,13.0,Herbergi,
Eirberg,5,110,EIR-004,13.0,Herbergi,
Eirberg,5,230,EIR201B,7.0,Skrifstofa,
Eirberg,5,1756,EIR-ÁRM 402 sérstofa,7.0,Skrifstofa,8.0
Eirberg,5,126,EIR-103,13.0,Herbergi,
Eirberg,5,176,EIR-024,13.0,Herbergi,
Eirberg,5,177,EIR-025,13.0,Herbergi,
Eirberg,5,187,EIR-115,13.0,Herbergi,
Eirberg,5,130,EIR-139,13.0,Herbergi,
Eirberg,5,131,EIR-144,13.0,Herbergi,
Eirberg,5,134,EIR-148,13.0,Herbergi,
Eirberg,5,135,EIR-149,13.0,Herbergi,
Eirberg,5,136,EIR-151,13.0,Herbergi,
Eirberg,5,137,EIR-152,13.0,Herbergi,
Eirberg,5,138,EIR-158,13.0,Herbergi,
Eirberg,5,140,EIR-205,7.0,Skrifstofa,
Eirberg,5,141,EIR-210,13.0,Herbergi,
Eirberg,5,142,EIR-216,13.0,Herbergi,
Eirberg,5,143,EIR-225,13.0,Herbergi,
Eirberg,5,144,EIR-226,13.0,Herbergi,
Eirberg,5,145,EIR-234,13.0,Herbergi,
Eirberg,5,146,EIR-235,13.0,Herbergi,
Eirberg,5,147,EIR-236,13.0,Herbergi,
Eirberg,5,148,EIR-237,13.0,Herbergi,
Eirberg,5,149,EIR-242,13.0,Herbergi,
Eirberg,5,150,EIR-243,13.0,Herbergi,
Eirberg,5,151,EIR-244,13.0,Herbergi,
Eirberg,5,258,EIR-306A,7.0,Skrifstofa,
Eirberg,5,153,EIR-246,13.0,Herbergi,
Eirberg,5,154,EIR-247,13.0,Herbergi,
Eirberg,5,1965,EIR-023B sérstofa,3.0,Kennslustofa,50.0
Eirberg,5,1856,EIR-100C sameinað 101C,21.0,Opið rými,
Eirberg,5,155,EIR-248,13.0,Herbergi,
Eirberg,5,156,EIR-249,13.0,Herbergi,
Eirberg,5,157,EIR-250,13.0,Herbergi,
Eirberg,5,160,EIR-305,13.0,Herbergi,
Eirberg,5,161,EIR-318,13.0,Herbergi,
Eirberg,5,162,EIR-328,13.0,Herbergi,
Eirberg,5,163,EIR-330,13.0,Herbergi,
Eirberg,5,165,EIR-343,13.0,Herbergi,
Eirberg,5,164,EIR-342,13.0,Herbergi,
Eirberg,5,185,EIR-113,13.0,Herbergi,
Eirberg,5,178,EIR-026,13.0,Herbergi,
Eirberg,5,179,EIR-027,13.0,Herbergi,
Eirberg,5,180,EIR-028,13.0,Herbergi,
Eirberg,5,181,EIR-029,13.0,Herbergi,
Eirberg,5,182,EIR-032,13.0,Herbergi,
Eirberg,5,209,EIR-035,13.0,Herbergi,
Eirberg,5,210,EIR-037,13.0,Herbergi,
Eirberg,5,211,EIR-038,13.0,Herbergi,
Eirberg,5,212,EIR-043,13.0,Herbergi,
Eirberg,5,213,EIR-044,13.0,Herbergi,
Eirberg,5,127,EIR-106,13.0,Herbergi,
Eirberg,5,183,EIR-111,13.0,Herbergi,
Eirberg,5,184,EIR-112,13.0,Herbergi,
Eirberg,5,186,EIR-114,13.0,Herbergi,
Eirberg,5,188,EIR-116,13.0,Herbergi,
Eirberg,5,189,EIR-117,13.0,Herbergi,
Eirberg,5,190,EIR-118,13.0,Herbergi,
Eirberg,5,191,EIR-119,13.0,Herbergi,
Eirberg,5,192,EIR-120,13.0,Herbergi,
Eirberg,5,193,EIR-121,13.0,Herbergi,
Eirberg,5,194,EIR-122,13.0,Herbergi,
Eirberg,5,195,EIR-123,13.0,Herbergi,
Eirberg,5,196,EIR-124,13.0,Herbergi,
Eirberg,5,197,EIR-125,13.0,Herbergi,
Eirberg,5,198,EIR-126,13.0,Herbergi,
Eirberg,5,199,EIR-127,13.0,Herbergi,
Eirberg,5,200,EIR-128,13.0,Herbergi,
Eirberg,5,201,EIR-129,13.0,Herbergi,
Eirberg,5,202,EIR-130,13.0,Herbergi,
Eirberg,5,203,EIR-131,13.0,Herbergi,
Eirberg,5,204,EIR-132,13.0,Herbergi,
Eirberg,5,205,EIR-133,13.0,Herbergi,
Eirberg,5,206,EIR-134,13.0,Herbergi,
Eirberg,5,207,EIR-135,13.0,Herbergi,
Eirberg,5,128,EIR-136,13.0,Herbergi,
Eirberg,5,129,EIR-137,13.0,Herbergi,
Eirberg,5,132,EIR-145,13.0,Herbergi,
Eirberg,5,133,EIR-146,13.0,Herbergi,
Eirberg,5,208,EIR-002,13.0,Herbergi,
Eirberg,5,117,EIR-011,13.0,Herbergi,
Eirberg,5,118,EIR-012,13.0,Herbergi,
Eirberg,5,166,EIR-014,13.0,Herbergi,
Eirberg,5,215,EIR-046,13.0,Herbergi,
Eirberg,5,217,EIR-104,13.0,Herbergi,
Eirberg,5,220,EIR-108,13.0,Herbergi,
Eirberg,5,221,EIR-109,13.0,Herbergi,
Eirberg,5,223,EIR-138,13.0,Herbergi,
Eirberg,5,293,EIR-140,13.0,Herbergi,
Eirberg,5,225,EIR-147,13.0,Herbergi,
Eirberg,5,226,EIR-150,13.0,Herbergi,
Eirberg,5,291,EIR-153,13.0,Herbergi,
Eirberg,5,292,EIR-155,13.0,Herbergi,
Eirberg,5,229,EIR-157,13.0,Herbergi,
Eirberg,5,231,EIR-204,7.0,Skrifstofa,
Eirberg,5,234,EIR-208,13.0,Herbergi,
Eirberg,5,236,EIR-211,13.0,Herbergi,
Eirberg,5,237,EIR-212,13.0,Herbergi,
Eirberg,5,238,EIR-213,13.0,Herbergi,
Eirberg,5,239,EIR-214,13.0,Herbergi,
Eirberg,5,240,EIR-215,13.0,Herbergi,
Eirberg,5,242,EIR-218,13.0,Herbergi,
Eirberg,5,244,EIR-220,13.0,Herbergi,
Eirberg,5,245,EIR-221,13.0,Herbergi,
Eirberg,5,246,EIR-222,13.0,Herbergi,
Eirberg,5,247,EIR-223,13.0,Herbergi,
Eirberg,5,248,EIR-224,13.0,Herbergi,
Eirberg,5,251,EIR-229,13.0,Herbergi,
Eirberg,5,252,EIR-230,13.0,Herbergi,
Eirberg,5,253,EIR-231,13.0,Herbergi,
Eirberg,5,254,EIR-232,13.0,Herbergi,
Eirberg,5,282,EIR-333,13.0,Herbergi,
Eirberg,5,296,EIR-238,13.0,Herbergi,
Eirberg,5,257,EIR-304,13.0,Herbergi,
Eirberg,5,260,EIR-308,23.0,Lesstofa,
Eirberg,5,261,EIR-309,13.0,Herbergi,
Eirberg,5,262,EIR-310,13.0,Herbergi,
Eirberg,5,263,EIR-311,13.0,Herbergi,
Eirberg,5,264,EIR-312,13.0,Herbergi,
Eirberg,5,265,EIR-313,13.0,Herbergi,
Eirberg,5,222,EIR110C verknám,31.0,Annað,
Eirberg,5,233,EIR203B,7.0,Skrifstofa,
Eirberg,5,267,EIR-315,13.0,Herbergi,
Eirberg,5,268,EIR-316,13.0,Herbergi,
Eirberg,5,269,EIR-317,13.0,Herbergi,
Eirberg,5,270,EIR-319,13.0,Herbergi,
Eirberg,5,271,EIR-320,13.0,Herbergi,
Eirberg,5,272,EIR-321,13.0,Herbergi,
Eirberg,5,273,EIR-322,13.0,Herbergi,
Eirberg,5,274,EIR-323,13.0,Herbergi,
Eirberg,5,275,EIR-324,13.0,Herbergi,
Eirberg,5,276,EIR-325,13.0,Herbergi,
Eirberg,5,277,EIR-326,13.0,Herbergi,
Eirberg,5,278,EIR-327,13.0,Herbergi,
Eirberg,5,279,EIR-329,13.0,Herbergi,
Eirberg,5,280,EIR-331,13.0,Herbergi,
Eirberg,5,283,EIR-334,13.0,Herbergi,
Eirberg,5,281,EIR-332,13.0,Herbergi,
Eirberg,5,255,EIR-233,13.0,Herbergi,
Eirberg,5,284,EIR-335,13.0,Herbergi,
Eirberg,5,285,EIR-336,13.0,Herbergi,
Eirberg,5,286,EIR-337,13.0,Herbergi,
Eirberg,5,287,EIR-338,13.0,Herbergi,
Eirberg,5,288,EIR-339,13.0,Herbergi,
Eirberg,5,290,EIR-341,13.0,Herbergi,
Eirberg,5,232,EIR-206,7.0,Skrifstofa,
Eirberg,5,299,EIR-1534,13.0,Herbergi,
Eirberg,5,228,EIR-156,13.0,Herbergi,
Eirberg,5,294,EIR-141,13.0,Herbergi,
Eirberg,5,295,EIR-142,13.0,Herbergi,
Eirberg,5,224,EIR-143,13.0,Herbergi,
Eirberg,5,297,EIR-240,13.0,Herbergi,
Eirberg,5,298,EIR-241,13.0,Herbergi,
Eirberg,5,256,EIR-302,13.0,Herbergi,
Eirberg,5,227,EIR-154,13.0,Herbergi,
Eirberg,5,301,EIR-030,13.0,Herbergi,
Eirberg,5,214,EIR-045,13.0,Herbergi,
Eirberg,5,300,EIR-013,13.0,Herbergi,
Eirberg,5,1395,EIR101C,3.0,Kennslustofa,84.0
Eirberg,5,109,"EIR003C, Hermann",24.0,Verknámsstofa,8.0
Eirberg,5,219,"EIR107C, ekki til",24.0,Verknámsstofa,
Eirberg,5,218,EIR105C,3.0,Kennslustofa,54.0
Eirberg,5,243,"EIR-223B, sérstofa",3.0,Kennslustofa,18.0
Eirberg,5,1416,EIR227B - heimastofa í ljósmóðurfr.,3.0,Kennslustofa,
Eirberg,5,1780,EIR203A-Sérfundarherbergi,31.0,Annað,
Eirberg,5,1398,"EIR203C, færnistofa",24.0,Verknámsstofa,24.0
Eirberg,5,2094,"EIR203Ca, færnistofa",24.0,Verknámsstofa,24.0
Eirberg,5,2093,"EIR201Ca, færnistofa",24.0,Verknámsstofa,24.0
Eirberg,5,139,EIR201A-fundarh/seminar,31.0,Annað,
Eirberg,5,1397,"EIR201C, færnistofa",24.0,Verknámsstofa,12.0
Eirberg,5,1399,"EIR205C, færnistofa",24.0,Verknámsstofa,24.0
Eirberg,5,235,"EIR209C, færnistofa",24.0,Verknámsstofa,24.0
Eirberg,5,112,EIR-006,13.0,Herbergi,
Eirberg,5,119,EIR-033,13.0,Herbergi,
Eirberg,5,120,EIR-034,13.0,Herbergi,
Eirberg,5,121,EIR-036,13.0,Herbergi,
Eirberg,5,122,EIR-039,13.0,Herbergi,
Eirberg,5,123,EIR-040,13.0,Herbergi,
Eirberg,5,124,EIR-041,13.0,Herbergi,
Eirberg,5,125,EIR-042,13.0,Herbergi,
Eirberg,5,241,EIR-217,13.0,Herbergi,
Eirberg,5,249,EIR-227,13.0,Herbergi,
Eirberg,5,250,EIR-228,13.0,Herbergi,
Eirberg,5,289,EIR-340,13.0,Herbergi,
Eirberg,5,113,EIR-007,13.0,Herbergi,
Eirberg,5,114,EIR-008,13.0,Herbergi,
Eirberg,5,115,EIR-009,13.0,Herbergi,
Eirberg,5,167,EIR-015,13.0,Herbergi,
Eirberg,5,168,EIR-016,13.0,Herbergi,
Eirberg,5,169,EIR-017,13.0,Herbergi,
Eirberg,5,170,EIR-018,13.0,Herbergi,
Eirberg,5,171,EIR-019,13.0,Herbergi,
Eirberg,5,172,EIR-020,13.0,Herbergi,
Eirberg,5,173,EIR-021,13.0,Herbergi,
Eirberg,5,174,EIR-022,13.0,Herbergi,
Eirberg,5,175,EIR-023,13.0,Herbergi,
Eirberg,5,108,EIR001A-endurlífgun,24.0,Verknámsstofa,
Eirberg,5,159,EIR-303,13.0,Herbergi,
Eirberg,5,1400,EIR325B,3.0,Kennslustofa,18.0
Eirberg,5,1401,EIR321B sérstofa,3.0,Kennslustofa,18.0
Eirberg,5,1396,EIR103C,3.0,Kennslustofa,100.0
Endurmenntun,35,1270,"CS, tölvuver (kjallara)",4.0,Tölvuver,6.0
Endurmenntun,35,1455,Elja - EKKI H.Í.,29.0,Kennslustofa Endurmenntun,40.0
Endurmenntun,35,1456,Elding - EKKI H.Í.,29.0,Kennslustofa Endurmenntun,40.0
Endurmenntun,35,1286,Náma - EKKI H.Í.,29.0,Kennslustofa Endurmenntun,90.0
Endurmenntun,35,1306,Neisti - EKKI H.Í.,29.0,Kennslustofa Endurmenntun,40.0
Endurmenntun,35,1454,Efling - EKKI H.Í.,29.0,Kennslustofa Endurmenntun,35.0
Endurmenntun,35,1412,Naustið,3.0,Kennslustofa,28.0
Fjarkennsla,138,1972,Fjarkennsla,3.0,Kennslustofa,
Fjarkennsla,138,1939,HJÚ-Fjarkennsla 2,1.0,Fyrirlestrasalur,
Fjarkennsla,138,2001,MON-Fjarkennsla,26.0,Fjarkennslustofa,
Fjarkennsla,138,2000,Verkleg kennsla LYF,3.0,Kennslustofa,
Fjarkennsla,138,1999,LYF-Fjarkennsla 1,3.0,Kennslustofa,
Fjarkennsla,138,1940,HJÚ-Fjarkennsla 3,1.0,Fyrirlestrasalur,
Fjarkennsla,138,1956,SJÚ-Fjarkennsla 3,3.0,Kennslustofa,
Fjarkennsla,138,1949,TAL-Fjarkennsla 1,3.0,Kennslustofa,
Fjarkennsla,138,1937,FVS-Fjarkennsla 3,3.0,Kennslustofa,
Fjarkennsla,138,1950,HGF-Fjarkennsla 1,3.0,Kennslustofa,
Fjarkennsla,138,1955,SJÚ-Fjarkennsla 2,3.0,Kennslustofa,
Fjarkennsla,138,1954,SJÚ-Fjarkennsla 1,3.0,Kennslustofa,
Fjarkennsla,138,1938,HJÚ-Fjarkennsla 1,3.0,Kennslustofa,
Fjarkennsla,138,1957,SJÚ-Fjarkennsla 4,3.0,Kennslustofa,
Fjarkennsla,138,1941,VON-Fjarkennsla 2,3.0,Kennslustofa,
Fjarkennsla,138,1942,HUG-Fjarkennsla 1,3.0,Kennslustofa,
Fjarkennsla,138,1943,HUG-Fjarkennsla 2,3.0,Kennslustofa,
Fjarkennsla,138,1945,MVS-Fjarkennsla 2,3.0,Kennslustofa,
Fjarkennsla,138,1946,MVS-Fjarkennsla 3,3.0,Kennslustofa,
Fjarkennsla,138,1947,HVS-Fjarkennsla 1,3.0,Kennslustofa,
Fjarkennsla,138,1948,LÆK-Fjarkennsla 1,3.0,Kennslustofa,
Fjarkennsla,138,1944,MVS-Fjarkennsla 1,3.0,Kennslustofa,
gimli,147,,,,,
Gimli,76,1857,G-337,7.0,Skrifstofa,
Gimli,76,1952,"G-104, lesrými",23.0,Lesstofa,
Gimli,76,1953,"G-105, lesrými",23.0,Lesstofa,
Gimli,76,1719,G-227A,7.0,Skrifstofa,
Gimli,76,1771,G-207,7.0,Skrifstofa,
Gimli,76,1589,G-135,7.0,Skrifstofa,
Gimli,76,1458,G-101,31.0,Annað,
Gimli,76,80,G-124,25.0,Vinnurými,
Gimli,76,2072,G-310,7.0,Skrifstofa,
Gimli,76,1570,G-212 - sérrými,5.0,Fundarherbergi,
Gimli,76,1585,G-129,7.0,Skrifstofa,
Gimli,76,1566,G-206,7.0,Skrifstofa,
Gimli,76,1567,G-208,7.0,Skrifstofa,
Gimli,76,1568,G-210,7.0,Skrifstofa,
Gimli,76,1571,G-213,7.0,Skrifstofa,
Gimli,76,1572,G-214,7.0,Skrifstofa,
Gimli,76,1586,G-130,7.0,Skrifstofa,
Gimli,76,1573,G-215,7.0,Skrifstofa,
Gimli,76,1574,G-216,7.0,Skrifstofa,
Gimli,76,1576,G-217,7.0,Skrifstofa,
Gimli,76,1577,G-218,7.0,Skrifstofa,
Gimli,76,1565,G-205,7.0,Skrifstofa,
Gimli,76,1578,G-219,7.0,Skrifstofa,
Gimli,76,1579,G-220,7.0,Skrifstofa,
Gimli,76,1593,G-221,7.0,Skrifstofa,
Gimli,76,1594,G-235,7.0,Skrifstofa,
Gimli,76,1587,G-131,7.0,Skrifstofa,
Gimli,76,1588,G-132,7.0,Skrifstofa,
Gimli,76,1591,G-137,7.0,Skrifstofa,
Gimli,76,1592,G-138,7.0,Skrifstofa,
Gimli,76,1575,G-202,7.0,Skrifstofa,
Gimli,76,1569,G-211,7.0,Skrifstofa,
Gimli,76,1595,G-236,7.0,Skrifstofa,
Gimli,76,1596,G-237,7.0,Skrifstofa,
Gimli,76,1597,G-238,7.0,Skrifstofa,
Gimli,76,1598,G-239,7.0,Skrifstofa,
Gimli,76,1599,G-240,7.0,Skrifstofa,
Gimli,76,1600,G-241,7.0,Skrifstofa,
Gimli,76,1601,G-243,7.0,Skrifstofa,
Gimli,76,1602,G-244,7.0,Skrifstofa,
Gimli,76,1603,G-245,7.0,Skrifstofa,
Gimli,76,1604,G-246,7.0,Skrifstofa,
Gimli,76,1605,G-247,7.0,Skrifstofa,
Gimli,76,1606,G-248,7.0,Skrifstofa,
Gimli,76,1332,G-139,3.0,Kennslustofa,30.0
Gimli,76,2092,G-136A - Tölvuver,4.0,Tölvuver,38.0
Gimli,76,1590,G-136,23.0,Lesstofa,
Gimli,76,1411,"G-100, opið rými",21.0,Opið rými,
Gimli,76,1418,G-222,7.0,Skrifstofa,
Gimli,76,1419,G-223,7.0,Skrifstofa,
Gimli,76,1420,G-226,7.0,Skrifstofa,
Gimli,76,1421,G-227,7.0,Skrifstofa,
Gimli,76,1422,G-230,7.0,Skrifstofa,
Gimli,76,1336,G-301- ekki til almennra nota,5.0,Fundarherbergi,16.0
Gimli,76,1424,G-233,7.0,Skrifstofa,
Gimli,76,1425,G-242,7.0,Skrifstofa,
Gimli,76,1427,G-112,7.0,Skrifstofa,
Gimli,76,1428,G-113,7.0,Skrifstofa,
Gimli,76,1429,G-114,7.0,Skrifstofa,
Gimli,76,1430,G-115,7.0,Skrifstofa,
Gimli,76,1331,G-103,7.0,Skrifstofa,
Gimli,76,1431,G-116,7.0,Skrifstofa,
Gimli,76,1432,G-117,7.0,Skrifstofa,
Gimli,76,1433,G-118,7.0,Skrifstofa,
Gimli,76,1434,G-119,7.0,Skrifstofa,
Gimli,76,1435,G-120,7.0,Skrifstofa,
Gimli,76,1437,G-122,7.0,Skrifstofa,
Gimli,76,1438,G-123,7.0,Skrifstofa,
Gimli,76,1439,G-125,7.0,Skrifstofa,
Gimli,76,1440,G-126,7.0,Skrifstofa,
Gimli,76,1441,G-127,7.0,Skrifstofa,
Gimli,76,1442,G-128,7.0,Skrifstofa,
Gimli,76,1451,G-228,7.0,Skrifstofa,
Gimli,76,1426,G-111,7.0,Skrifstofa,
Gimli,76,1453,G-231,7.0,Skrifstofa,
Gimli,76,1423,G-232,7.0,Skrifstofa,
Gimli,76,1607,G-249,7.0,Skrifstofa,
Gimli,76,1609,G-251,7.0,Skrifstofa,
Gimli,76,1610,G-252,7.0,Skrifstofa,
Gimli,76,1621,G-302,7.0,Skrifstofa,
Gimli,76,1622,G-303,7.0,Skrifstofa,
Gimli,76,1623,G-304,7.0,Skrifstofa,
Gimli,76,1625,G-306,7.0,Skrifstofa,
Gimli,76,1629,G-312,7.0,Skrifstofa,
Gimli,76,1626,G-307,7.0,Skrifstofa,
Gimli,76,1627,G-308,7.0,Skrifstofa,
Gimli,76,1628,G-311,7.0,Skrifstofa,
Gimli,76,1624,G-305,7.0,Skrifstofa,
Gimli,76,1630,G-313,7.0,Skrifstofa,
Gimli,76,1631,G-314,7.0,Skrifstofa,
Gimli,76,1632,G-315,7.0,Skrifstofa,
Gimli,76,1634,G-317,7.0,Skrifstofa,
Gimli,76,1635,G-318,7.0,Skrifstofa,
Gimli,76,1636,G-319,7.0,Skrifstofa,
Gimli,76,1637,G-320,7.0,Skrifstofa,
Gimli,76,1638,G-321,7.0,Skrifstofa,
Gimli,76,1642,G-325,7.0,Skrifstofa,
Gimli,76,1643,G-326,7.0,Skrifstofa,
Gimli,76,1644,G-327,7.0,Skrifstofa,
Gimli,76,1645,G-328,7.0,Skrifstofa,
Gimli,76,1564,G-204,7.0,Skrifstofa,
Gimli,76,1436,G-121,7.0,Skrifstofa,
Gimli,76,1452,G-133,7.0,Skrifstofa,
Gimli,76,1583,G-224,7.0,Skrifstofa,
Gimli,76,1580,G-225,7.0,Skrifstofa,
Gimli,76,1443,G-229,7.0,Skrifstofa,
Gimli,76,1608,G-250,7.0,Skrifstofa,
Gimli,76,1581,G-253,7.0,Skrifstofa,
Gimli,76,1582,G-254,7.0,Skrifstofa,
Gimli,76,1633,G-316,7.0,Skrifstofa,
Gimli,76,1640,G-323,7.0,Skrifstofa,
Gimli,76,1641,G-324,7.0,Skrifstofa,
Gimli,76,1639,G-322,7.0,Skrifstofa,
Gróska,139,1977,Gr-324,7.0,Skrifstofa,2.0
Gróska,139,1985,"Gr-315, Barbara",31.0,Annað,4.0
Gróska,139,1976,"Gr-326, Charles",31.0,Annað,8.0
Gróska,139,1978,"Gr-328, Douglas",31.0,Annað,1.0
Gróska,139,1981,"Gr-327, Edsger",31.0,Annað,4.0
Gróska,139,1982,"Gr-325, Frances",31.0,Annað,2.0
Gróska,139,1983,Gr-323,31.0,Annað,
Gróska,139,1984,"Gr-321, Ada sérstofa",31.0,Annað,26.0
Gróska,139,1986,Gr-305,2.0,Dæmaver,8.0
Gróska,139,1987,Gr-302,7.0,Skrifstofa,1.0
Gróska,139,1988,Gr-304,7.0,Skrifstofa,1.0
Gróska,139,1991,Gr-312,7.0,Skrifstofa,2.0
Gróska,139,1989,Gr-306,7.0,Skrifstofa,1.0
Gróska,139,1990,Gr-308,7.0,Skrifstofa,1.0
Gróska,139,1996,Gr-320,2.0,Dæmaver,8.0
Gróska,139,1992,Gr-314,7.0,Skrifstofa,4.0
Gróska,139,1993,Gr-316,7.0,Skrifstofa,4.0
Gróska,139,1994,"Gr-310, Alan",31.0,Annað,4.0
Gróska,139,1995,Gr-318,2.0,Dæmaver,4.0
Gróska,139,1997,Gr-322,7.0,Skrifstofa,2.0
Hagi,54,1333,Hagi-116,23.0,Lesstofa,
Hagi,54,973,Ha-112,7.0,Skrifstofa,
Hagi,54,983,Ha-208,7.0,Skrifstofa,
Hagi,54,984,Ha-209,7.0,Skrifstofa,
Hagi,54,1002,Ha-308,8.0,Kaffistofa,
Hagi,54,1004,Ha-310,8.0,Kaffistofa,
Hagi,54,1005,Ha-312,7.0,Skrifstofa,
Hagi,54,1006,Ha-313,7.0,Skrifstofa,
Hagi,54,1007,Ha-315,7.0,Skrifstofa,
Hagi,54,1008,Ha-316,7.0,Skrifstofa,
Hagi,54,1009,Ha-317,7.0,Skrifstofa,
Hagi,54,1010,Ha-318,7.0,Skrifstofa,
Hagi,54,1011,Ha-320,7.0,Skrifstofa,
Hagi,54,1012,Ha-321,7.0,Skrifstofa,
Hagi,54,1013,Ha-322,7.0,Skrifstofa,
Hagi,54,1016,Ha-325,7.0,Skrifstofa,
Hagi,54,1017,Ha-326,7.0,Skrifstofa,
Hagi,54,1018,Ha-327,7.0,Skrifstofa,
Hagi,54,1019,Ha-328,7.0,Skrifstofa,
Hagi,54,1020,Ha-329,7.0,Skrifstofa,
Hagi,54,1021,Ha-330,7.0,Skrifstofa,
Hagi,54,1023,Ha-332,7.0,Skrifstofa,
Hagi,54,1024,Ha-333,7.0,Skrifstofa,
Hagi,54,1025,Ha-334,7.0,Skrifstofa,
Hagi,54,1026,Ha-335,7.0,Skrifstofa,
Hagi,54,1027,"Hagi-336, fundarh. sér",5.0,Fundarherbergi,
Hagi,54,1003,"Hagi-309, fundarh. sér",5.0,Fundarherbergi,
Hagi,54,1015,Ha-324,7.0,Skrifstofa,
Hagi,54,1285,Ha-206,25.0,Vinnurými,
Hagi,54,1304,,13.0,Herbergi,0.0
Hagi,54,1014,Ha-323,7.0,Skrifstofa,
Hagi,54,1022,Ha-331,7.0,Skrifstofa,
Hagi,54,974,Ha-119,9.0,Lab,
Hagi,54,975,Ha-120,9.0,Lab,
Hagi,54,976,Ha-122,9.0,Lab,
Hagi,54,977,Ha-125,9.0,Lab,
Hagi,54,978,Ha-126,9.0,Lab,
Hagi,54,979,Ha-130,9.0,Lab,
Hagi,54,980,Ha-136,9.0,Lab,
Hagi,54,985,Ha-210,9.0,Lab,
Hagi,54,986,Ha-211,9.0,Lab,
Hagi,54,987,Ha-212,9.0,Lab,
Hagi,54,991,Ha-216,9.0,Lab,
Hagi,54,989,Ha-214,9.0,Lab,
Hagi,54,990,Ha-215,9.0,Lab,
Hagi,54,982,Ha-207,9.0,Lab,
Hagi,54,981,Ha-202,9.0,Lab,
Hagi,54,992,Ha-217,9.0,Lab,
Hagi,54,993,Ha-218,9.0,Lab,
Hagi,54,994,Ha-219,9.0,Lab,
Hagi,54,995,Ha-220,9.0,Lab,
Hagi,54,996,Ha-221,9.0,Lab,
Hagi,54,997,Ha-222,9.0,Lab,
Hagi,54,998,Ha-223,9.0,Lab,
Hagi,54,999,Ha-303,9.0,Lab,
Hagi,54,1000,Ha-304,9.0,Lab,
Hagi,54,1001,Ha-305,9.0,Lab,
Hagi,54,988,Hagi-213,3.0,Kennslustofa,34.0
Hagi,54,972,Hagi-104,3.0,Kennslustofa,47.0
Háskólabíó,49,1263,HB-1,3.0,Kennslustofa,296.0
Háskólabíó,49,1265,HB-3,3.0,Kennslustofa,100.0
Háskólabíó,49,1273,HB-Miðjan,21.0,Opið rými,
Háskólabíó,49,1274,HB-Stóri salur,31.0,Annað,978.0
Háskólabíó,49,1264,HB-2,3.0,Kennslustofa,203.0
Háskólabíó,49,1266,HB-4,3.0,Kennslustofa,90.0
Háskólabíó,49,1267,HB-5,3.0,Kennslustofa,27.0
Háskólabíó,49,1721,,1.0,Fyrirlestrasalur,
Háskólasetur,14,1543,,7.0,Skrifstofa,
Háskólatorg,74,1908,Ht-700,18.0,Sundlaug,
Háskólatorg,74,1325,HT-300,5.0,Fundarherbergi,22.0
Háskólatorg,74,1330,HT-207,7.0,Skrifstofa,
Háskólatorg,74,1457,HT-204,7.0,Skrifstofa,
Háskólatorg,74,1311,HT-102,3.0,Kennslustofa,180.0
Háskólatorg,74,1314,HT-104,3.0,Kennslustofa,100.0
Háskólatorg,74,1312,HT-105,3.0,Kennslustofa,180.0
Háskólatorg,74,1698,HT-118 bókist í Outlook,5.0,Fundarherbergi,8.0
Háskólatorg,74,1752,HT-334 bókist í Outlook,5.0,Fundarherbergi,6.0
Háskólatorg,74,1313,HT-103,3.0,Kennslustofa,100.0
Háskólatorg,74,1951,HT-208,7.0,Skrifstofa,
Háskólatorg,74,1695,HT-315,7.0,Skrifstofa,
Háskólatorg,74,1685,"HT-201, LITLA TORG",11.0,Veislusalur,99.0
Háskólatorg,74,1618,"HT-100, veggpláss",21.0,Opið rými,
Háskólatorg,74,1651,HT-317,7.0,Skrifstofa,
Háskólatorg,74,1652,HT-318,7.0,Skrifstofa,
Háskólatorg,74,1653,HT-319,7.0,Skrifstofa,
Háskólatorg,74,1654,HT-320,7.0,Skrifstofa,
Háskólatorg,74,1655,HT-321,7.0,Skrifstofa,
Háskólatorg,74,1656,HT-322,7.0,Skrifstofa,
Háskólatorg,74,1657,HT-323,7.0,Skrifstofa,
Háskólatorg,74,1659,HT-327,7.0,Skrifstofa,
Háskólatorg,74,1660,HT-332,7.0,Skrifstofa,
Háskólatorg,74,1662,HT-336,7.0,Skrifstofa,
Háskólatorg,74,1410,"HT-100, gólfpláss",21.0,Opið rými,
Háskólatorg,74,1329,"HT-200, Almenningur",21.0,Opið rými,
Háskólatorg,74,1658,HT-325,7.0,Skrifstofa,
Háskólatorg,74,1661,HT-333,7.0,Skrifstofa,
Háskólatorg,74,1327,HT-303 sérrými FS,7.0,Skrifstofa,18.0
Háskólatorg,74,1672,HT-316,7.0,Skrifstofa,
Háskólatorg,74,1696,HT-315 henda,7.0,Skrifstofa,
Háskólatorg,74,1326,"HT-301, skrifstofa",7.0,Skrifstofa,
Háskólatorg,74,1328,"HT-302 - tölvuver, Aðgengissetur",4.0,Tölvuver,11.0
Háskólatorg,74,1315,HT-101,3.0,Kennslustofa,56.0
Íþróttahús - Háteigsvegi,93,1392,Íþróttahús v/Háteigsveg,17.0,Íþróttahús,
Íþróttahús - Sæmundargötu 6,44,1686,"Í-115, íþróttasalur",6.0,Íþróttasalur,
Íþróttahús - Sæmundargötu 6,44,1687,"Í-220, tækjasalur",6.0,Íþróttasalur,
Íþróttahús - Sæmundargötu 6,44,919,Í-103,7.0,Skrifstofa,
Íþróttahús - Sæmundargötu 6,44,920,Í-118,7.0,Skrifstofa,
Íþróttahús - Sæmundargötu 6,44,921,Í-211,7.0,Skrifstofa,
Íþróttahús - Sæmundargötu 6,44,924,Í-218,7.0,Skrifstofa,
Íþróttahús - Sæmundargötu 6,44,922,Í-212,25.0,Vinnurými,
Íþróttahús - Sæmundargötu 6,44,923,Í-213,7.0,Skrifstofa,
JL Hús,16,1546,,7.0,Skrifstofa,
Laugarvatn,83,1560,Mælingar og prófanir,17.0,Íþróttahús,
Laugarvatn,83,1874,Matsalur,,,
Laugarvatn,83,1763,Vatnagarður herb 24,13.0,Herbergi,
Laugarvatn,83,1772,Vatnagarður herb 17,13.0,Herbergi,
Laugarvatn,83,1769,Heimaklettur (bókist hjá Rekstri Fasteigna),10.0,Gestaíbúð,
Laugarvatn,83,1758,Vatnagarður herb 09,13.0,Herbergi,
Laugarvatn,83,1759,Vatnagarður herb 10,13.0,Herbergi,
Laugarvatn,83,1773,íþ,13.0,Herbergi,
Laugarvatn,83,1760,Vatnagarður herb 11,13.0,Herbergi,
Laugarvatn,83,1761,Vatnagarður herb 13,13.0,Herbergi,
Laugarvatn,83,1762,Vatnagarður herb 12,13.0,Herbergi,
Laugarvatn,83,1765,Vatnagarður herb 19,13.0,Herbergi,
Laugarvatn,83,1766,Vatnagarður herb 20,13.0,Herbergi,
Laugarvatn,83,1767,Vatnagarður herb 21,13.0,Herbergi,
Laugarvatn,83,1768,Vatnagarður herb 22,13.0,Herbergi,
Laugarvatn,83,1764,Vatnagarður herb 14,13.0,Herbergi,
Laugarvatn,83,1368,Stofa 1,3.0,Kennslustofa,40.0
Laugarvatn,83,1369,Stofa 2,3.0,Kennslustofa,45.0
Laugarvatn,83,1370,Stofa 3,3.0,Kennslustofa,45.0
Laugarvatn,83,1374,Sundlaug,18.0,Sundlaug,
Laugarvatn,83,1373,Íþróttahús-A,17.0,Íþróttahús,
Laugarvatn,83,1563,Kennslueldhús,30.0,Kennslueldhús,
Laugarvatn,83,1562,Útisvæði,17.0,Íþróttahús,
Laugarvatn,83,1561,Útivellir,17.0,Íþróttahús,
Laugarvatn,83,1557,Íþróttahús-B,17.0,Íþróttahús,
Laugarvatn,83,1559,Þreksalur,17.0,Íþróttahús,
Laugarvatn,83,1558,Íþróttahús-C,17.0,Íþróttahús,
Laugarvatn,83,1372,LV - Tölvustofa,7.0,Skrifstofa,
Laugarvatn,83,1799,Vatnagarður herb 15,13.0,Herbergi,
Laugarvatn,83,1800,Vatnagarður herb 16,13.0,Herbergi,
Laugarvatn,83,1801,Vatnagarður herb 23,13.0,Herbergi,
Laugarvatn,83,1803,Vatnagarður herb 26,13.0,Herbergi,
Laugarvatn,83,1804,Vatnagarður herb 27,13.0,Herbergi,
Laugarvatn,83,1805,Vatnagarður herb 18,13.0,Herbergi,
Laugarvatn,83,1806,Vatnagarður herb 25,13.0,Herbergi,
Laugarvatn,83,1807,Vatnagarður herb 37/Svítan,13.0,Herbergi,
Laugarvatn,83,1802,Vatnagarður herb 28,13.0,Herbergi,
Laugarvatn,83,1371,K-salur,3.0,Kennslustofa,80.0
Laugavegur 13,100,,,,,
Listgreinahús Skipholti 37,91,1376,LS-101,3.0,Kennslustofa,20.0
Listgreinahús Skipholti 37,91,1378,LS-103,3.0,Kennslustofa,12.0
Listgreinahús Skipholti 37,91,1387,"LS-302, heimilisfræði",3.0,Kennslustofa,12.0
Listgreinahús Skipholti 37,91,1973,"LS-301, borðstofa",3.0,Kennslustofa,
Listgreinahús Skipholti 37,91,1386,LS-201,3.0,Kennslustofa,12.0
Listgreinahús Skipholti 37,91,1382,"LS-108, textíl",3.0,Kennslustofa,
Listgreinahús Skipholti 37,91,1383,"LS-109, tónlist",3.0,Kennslustofa,11.0
Listgreinahús Skipholti 37,91,1377,LS-102,3.0,Kennslustofa,12.0
Listgreinahús Skipholti 37,91,1380,LS-106,3.0,Kennslustofa,15.0
Listgreinahús Skipholti 37,91,1388,LS-303,3.0,Kennslustofa,20.0
Listgreinahús Skipholti 37,91,1390,LS-401,3.0,Kennslustofa,15.0
Listgreinahús Skipholti 37,91,1389,LS-305,25.0,Vinnurými,2.0
Listgreinahús Skipholti 37,91,1384,LS-208,31.0,Annað,
Listgreinahús Skipholti 37,91,1385,LS-209,31.0,Annað,
Listgreinahús Skipholti 37,91,1379,,21.0,Opið rými,
Listgreinahús Skipholti 37,91,1381,LS-107,3.0,Kennslustofa,
Loftskeytastöð,66,1548,,7.0,Skrifstofa,
LSH - Fossvogi,72,1466,,1.0,Fyrirlestrasalur,
LSH - Grensás,71,1467,,7.0,Skrifstofa,
LSH - Hringbraut,70,1468,,1.0,Fyrirlestrasalur,
Læknagarður,19,2073,Lg-218-1 (klínik),9.0,Lab,7.0
Læknagarður,19,1907,Lg-218-2 (klínik),9.0,Lab,7.0
Læknagarður,19,307,Lg-206,9.0,Lab,
Læknagarður,19,308,Lg-207,9.0,Lab,
Læknagarður,19,309,Lg-208,9.0,Lab,
Læknagarður,19,313,Lg-213,9.0,Lab,
Læknagarður,19,314,Lg-214,9.0,Lab,
Læknagarður,19,315,Lg-215,9.0,Lab,
Læknagarður,19,316,Lg-216,9.0,Lab,
Læknagarður,19,317,Lg-217,9.0,Lab,
Læknagarður,19,319,Lg-219,9.0,Lab,
Læknagarður,19,320,Lg-220,9.0,Lab,
Læknagarður,19,321,Lg-221,9.0,Lab,
Læknagarður,19,322,Lg-222,9.0,Lab,
Læknagarður,19,323,Lg-223,9.0,Lab,
Læknagarður,19,328,Lg-228,9.0,Lab,
Læknagarður,19,333,Lg-303,9.0,Lab,
Læknagarður,19,334,Lg-304,9.0,Lab,
Læknagarður,19,335,Lg-305,9.0,Lab,
Læknagarður,19,336,Lg-306,9.0,Lab,
Læknagarður,19,337,Lg-307,9.0,Lab,
Læknagarður,19,339,Lg-309,9.0,Lab,
Læknagarður,19,341,Lg-311,9.0,Lab,
Læknagarður,19,343,Lg-314,9.0,Lab,
Læknagarður,19,344,Lg-316,9.0,Lab,
Læknagarður,19,446,Lg-529,9.0,Lab,
Læknagarður,19,346,Lg-318,9.0,Lab,
Læknagarður,19,349,Lg-321,9.0,Lab,
Læknagarður,19,350,Lg-322,9.0,Lab,
Læknagarður,19,351,Lg-323,9.0,Lab,
Læknagarður,19,352,Lg-324,9.0,Lab,
Læknagarður,19,354,Lg-326,9.0,Lab,
Læknagarður,19,356,Lg-328,9.0,Lab,
Læknagarður,19,357,Lg-329,9.0,Lab,
Læknagarður,19,361,Lg-332,9.0,Lab,
Læknagarður,19,362,Lg-333,9.0,Lab,
Læknagarður,19,363,Lg-334,9.0,Lab,
Læknagarður,19,369,Lg-402,9.0,Lab,
Læknagarður,19,370,Lg-403,9.0,Lab,
Læknagarður,19,1303, ,25.0,Vinnurými,
Læknagarður,19,371,Lg-404,9.0,Lab,
Læknagarður,19,330,Ekki í notkun geymsla Lg-230 sérrými,5.0,Fundarherbergi,6.0
Læknagarður,19,372,Lg-405,9.0,Lab,
Læknagarður,19,374,Lg-407,9.0,Lab,
Læknagarður,19,375,Lg-408,9.0,Lab,
Læknagarður,19,376,Lg-409,9.0,Lab,
Læknagarður,19,377,Lg-410,9.0,Lab,
Læknagarður,19,329,Lg-229,9.0,Lab,
Læknagarður,19,378,Lg-411,9.0,Lab,
Læknagarður,19,379,Lg-412,9.0,Lab,
Læknagarður,19,380,Lg-413,9.0,Lab,
Læknagarður,19,381,Lg-414,9.0,Lab,
Læknagarður,19,382,Lg-415,9.0,Lab,
Læknagarður,19,383,Lg-416,9.0,Lab,
Læknagarður,19,360,"Lg-331, almennt fundarherbergi",7.0,Skrifstofa,
Læknagarður,19,384,Lg-417,9.0,Lab,
Læknagarður,19,385,Lg-419,9.0,Lab,
Læknagarður,19,386,Lg-420,9.0,Lab,
Læknagarður,19,387,Lg-421,9.0,Lab,
Læknagarður,19,388,Lg-422,9.0,Lab,
Læknagarður,19,389,Lg-423,9.0,Lab,
Læknagarður,19,390,Lg-424,9.0,Lab,
Læknagarður,19,391,Lg-425,9.0,Lab,
Læknagarður,19,1971,"Lg-113, verknám",24.0,Verknámsstofa,
Læknagarður,19,392,Lg-428,9.0,Lab,
Læknagarður,19,393,Lg-429,9.0,Lab,
Læknagarður,19,394,Lg-430,9.0,Lab,
Læknagarður,19,395,Lg-431,9.0,Lab,
Læknagarður,19,396,Lg-432,9.0,Lab,
Læknagarður,19,397,Lg-433,9.0,Lab,
Læknagarður,19,398,Lg-434,9.0,Lab,
Læknagarður,19,399,Lg-435,9.0,Lab,
Læknagarður,19,400,Lg-436,9.0,Lab,
Læknagarður,19,303,Lg-202,9.0,Lab,
Læknagarður,19,304,Lg-203,9.0,Lab,
Læknagarður,19,305,Lg-204,9.0,Lab,
Læknagarður,19,306,Lg-205,9.0,Lab,
Læknagarður,19,355,"Lg-327, verknám",9.0,Lab,
Læknagarður,19,347,Lg-319 sér Tannlæknanám,32.0,Sérstofa,
Læknagarður,19,359,"Lg-330, pre-klinik",24.0,Verknámsstofa,
Læknagarður,19,365,Lg-336,23.0,Lesstofa,
Læknagarður,19,332,Lg-302,7.0,Skrifstofa,
Læknagarður,19,368,Lg-344,23.0,Lesstofa,
Læknagarður,19,318,Lg-218-4 (klínik),9.0,Lab,7.0
Læknagarður,19,1616,Lg-218-6 (klínik),9.0,Lab,7.0
Læknagarður,19,1615,Lg-218-5 (klínik),9.0,Lab,7.0
Læknagarður,19,358,"Lg-329, verknám",9.0,Lab,24.0
Læknagarður,19,1648,"Lg-122, verknám",24.0,Verknámsstofa,
Læknagarður,19,1649,"Lg-165, verknám",24.0,Verknámsstofa,
Læknagarður,19,331,"Lg-229A, kennsla/fundir sér",3.0,Kennslustofa,15.0
Læknagarður,19,340,Lg-310 sérstofa,3.0,Kennslustofa,16.0
Læknagarður,19,466,Lg-549,7.0,Skrifstofa,
Læknagarður,19,467,Lg-550,7.0,Skrifstofa,
Læknagarður,19,468,Lg-551,7.0,Skrifstofa,
Læknagarður,19,469,Lg-552,7.0,Skrifstofa,
Læknagarður,19,348,Lg-320 sér Tannlæknanám,32.0,Sérstofa,
Læknagarður,19,415,Lg-451,7.0,Skrifstofa,
Læknagarður,19,416,Lg-452,7.0,Skrifstofa,
Læknagarður,19,417,Lg-453,7.0,Skrifstofa,
Læknagarður,19,418,Lg-454,7.0,Skrifstofa,
Læknagarður,19,419,Lg-455,7.0,Skrifstofa,
Læknagarður,19,420,Lg-456,7.0,Skrifstofa,
Læknagarður,19,401,Lg-437,9.0,Lab,
Læknagarður,19,402,Lg-438,9.0,Lab,
Læknagarður,19,403,Lg-439,9.0,Lab,
Læknagarður,19,404,Lg-440,9.0,Lab,
Læknagarður,19,405,Lg-441,9.0,Lab,
Læknagarður,19,406,Lg-442,9.0,Lab,
Læknagarður,19,407,Lg-443,9.0,Lab,
Læknagarður,19,408,Lg-444,9.0,Lab,
Læknagarður,19,409,Lg-445,9.0,Lab,
Læknagarður,19,411,Lg-447,9.0,Lab,
Læknagarður,19,342,"Lg-312, sérstofa",3.0,Kennslustofa,12.0
Læknagarður,19,338,Lg-308 sérstofa,3.0,Kennslustofa,16.0
Læknagarður,19,410,Lg-446,9.0,Lab,
Læknagarður,19,412,Lg-448,9.0,Lab,
Læknagarður,19,1670,"Lg-237, opið rými",21.0,Opið rými,
Læknagarður,19,414,Lg-450,9.0,Lab,
Læknagarður,19,421,Lg-502,9.0,Lab,
Læknagarður,19,422,Lg-503,9.0,Lab,
Læknagarður,19,423,Lg-504,9.0,Lab,
Læknagarður,19,424,Lg-505,9.0,Lab,
Læknagarður,19,425,Lg-506,9.0,Lab,
Læknagarður,19,426,Lg-507,9.0,Lab,
Læknagarður,19,427,Lg-508,9.0,Lab,
Læknagarður,19,428,Lg-509,9.0,Lab,
Læknagarður,19,429,Lg-510,9.0,Lab,
Læknagarður,19,1316,Lg-124,3.0,Kennslustofa,40.0
Læknagarður,19,302,Lg-201,3.0,Kennslustofa,68.0
Læknagarður,19,1287,Lg-229,3.0,Kennslustofa,30.0
Læknagarður,19,367,Lg-343,3.0,Kennslustofa,92.0
Læknagarður,19,430,Lg-511,9.0,Lab,
Læknagarður,19,431,Lg-512,9.0,Lab,
Læknagarður,19,432,Lg-513,9.0,Lab,
Læknagarður,19,433,Lg-514,9.0,Lab,
Læknagarður,19,435,Lg-516,9.0,Lab,
Læknagarður,19,436,Lg-517,9.0,Lab,
Læknagarður,19,437,Lg-518,9.0,Lab,
Læknagarður,19,438,Lg-520,9.0,Lab,
Læknagarður,19,439,Lg-522,9.0,Lab,
Læknagarður,19,440,Lg-523,9.0,Lab,
Læknagarður,19,441,Lg-524,9.0,Lab,
Læknagarður,19,442,Lg-525,9.0,Lab,
Læknagarður,19,443,Lg-526,9.0,Lab,
Læknagarður,19,445,Lg-528,9.0,Lab,
Læknagarður,19,447,Lg-530,9.0,Lab,
Læknagarður,19,448,Lg-531,9.0,Lab,
Læknagarður,19,449,Lg-532,9.0,Lab,
Læknagarður,19,450,Lg-534,9.0,Lab,
Læknagarður,19,451,Lg-535,9.0,Lab,
Læknagarður,19,452,Lg-536,9.0,Lab,
Læknagarður,19,453,Lg-537,9.0,Lab,
Læknagarður,19,454,Lg-538,9.0,Lab,
Læknagarður,19,455,Lg-538,9.0,Lab,
Læknagarður,19,456,Lg-539,9.0,Lab,
Læknagarður,19,457,Lg-540,9.0,Lab,
Læknagarður,19,458,Lg-541,9.0,Lab,
Læknagarður,19,460,Lg-543,9.0,Lab,
Læknagarður,19,461,Lg-544,9.0,Lab,
Læknagarður,19,462,Lg-545,9.0,Lab,
Læknagarður,19,463,Lg-546,9.0,Lab,
Læknagarður,19,464,Lg-547,9.0,Lab,
Læknagarður,19,465,Lg-548,9.0,Lab,
Læknagarður,19,413,Lg-449,9.0,Lab,
Læknagarður,19,1650,"Lg-166, verknám",24.0,Verknámsstofa,
Læknagarður,19,1669,"Lg-102, opið rými",21.0,Opið rými,
Læknagarður,19,345,Lg-317,9.0,Lab,
Læknagarður,19,327,"Lg-227, fundarh. sér",5.0,Fundarherbergi,10.0
Læknagarður,19,353,"Lg-325, verknám",9.0,Lab,
Læknagarður,19,1690,"Lg-401, opið rými/gangur",21.0,Opið rými,
Læknagarður,19,1691,"Lg-501A, opið rými/gangur",21.0,Opið rými,
Læknagarður,19,366,"Lg-342, lesstofa",23.0,Lesstofa,
Læknagarður,19,1302,"Lg-105, tölvuver",4.0,Tölvuver,10.0
Læknagarður,19,1961,VW EUP MIU46,33.0,Bíll,5.0
Læknagarður,19,310,Lg-209,9.0,Lab,
Læknagarður,19,324,Lg-224,9.0,Lab,
Læknagarður,19,325,Lg-225,9.0,Lab,
Læknagarður,19,326,Lg-226,9.0,Lab,
Læknagarður,19,364,Lg-335,9.0,Lab,
Læknagarður,19,434,Lg-515,9.0,Lab,
Læknagarður,19,444,Lg-527,9.0,Lab,
Læknagarður,19,459,Lg-542,9.0,Lab,
Læknagarður,19,311,Lg-211,9.0,Lab,
Læknagarður,19,1694,"Lg-331A, botnlagi 331",9.0,Lab,
Læknagarður,19,312,"Lg-212, sérstofa",3.0,Kennslustofa,17.0
Læknagarður,19,373,"Lg-344, verkleg stofa",3.0,Kennslustofa,30.0
Lögberg,21,1722,L-414,7.0,Skrifstofa,
Lögberg,21,485,L-307A,7.0,Skrifstofa,
Lögberg,21,1723,L-307B,7.0,Skrifstofa,
Lögberg,21,479,L-205,3.0,Kennslustofa,24.0
Lögberg,21,470,L-101,3.0,Kennslustofa,94.0
Lögberg,21,472,L-103,3.0,Kennslustofa,50.0
Lögberg,21,473,L-104,8.0,Kaffistofa,
Lögberg,21,474,L-105,8.0,Kaffistofa,
Lögberg,21,476,L-202,7.0,Skrifstofa,
Lögberg,21,480,L-209,7.0,Skrifstofa,
Lögberg,21,484,L-306,7.0,Skrifstofa,
Lögberg,21,486,L-308,7.0,Skrifstofa,
Lögberg,21,487,L-309,7.0,Skrifstofa,
Lögberg,21,488,L-310,7.0,Skrifstofa,
Lögberg,21,489,L-311,7.0,Skrifstofa,
Lögberg,21,490,L-314,7.0,Skrifstofa,
Lögberg,21,491,L-322,7.0,Skrifstofa,
Lögberg,21,492,L-408,7.0,Skrifstofa,
Lögberg,21,493,L-409,7.0,Skrifstofa,
Lögberg,21,494,L-410,7.0,Skrifstofa,
Lögberg,21,495,L-411,7.0,Skrifstofa,
Lögberg,21,496,L-412,7.0,Skrifstofa,
Lögberg,21,497,L-413,7.0,Skrifstofa,
Lögberg,21,475,L-201,3.0,Kennslustofa,38.0
Lögberg,21,471,L-102,3.0,Kennslustofa,50.0
Lögberg,21,478,L-204,3.0,Kennslustofa,24.0
Lögberg,21,1469,L-301 - bókasafn,13.0,Herbergi,
Lögberg,21,1465,L-407,7.0,Skrifstofa,
Lögberg,21,1462,L-403,7.0,Skrifstofa,
Lögberg,21,1463,L-404,7.0,Skrifstofa,
Lögberg,21,1464,L-415,7.0,Skrifstofa,
Lögberg,21,1460,L-406,7.0,Skrifstofa,
Lögberg,21,1461,L-313,7.0,Skrifstofa,
Lögberg,21,1668,"L-100, opið rými",21.0,Opið rými,
Lögberg,21,481,L-303,13.0,Herbergi,
Lögberg,21,482,L-304,7.0,Skrifstofa,
Lögberg,21,483,L-305,7.0,Skrifstofa,
Lögberg,21,1298,"L-402, fundarh. sér",5.0,Fundarherbergi,
Lögberg,21,1692,L-008 kjallari,1.0,Fyrirlestrasalur,
Lögberg,21,1693,L-008 kjallari,13.0,Herbergi,
Matís,101,,,,,
Neshagi 16,48,1748,Nh-303 Fundarherbergi RHÍ,31.0,Annað,8.0
Neshagi 16,48,1753,Nh-217 - Fiskabúrið,31.0,Annað,10.0
Neshagi 16,48,1749,Nh-301,7.0,Skrifstofa,
Neshagi 16,48,1750,Nh-302,7.0,Skrifstofa,
Neshagi 16,48,966,Nh-305 - RHnet,7.0,Skrifstofa,
Neshagi 16,48,965,Nh-304 - Alrými,7.0,Skrifstofa,
Neshagi 16,48,946,Nh-101 - Vélasalur,31.0,Annað,
Neshagi 16,48,944,Nh-102 - Búningsklefi,31.0,Annað,
Neshagi 16,48,967,Nh-306 - Matsalur,8.0,Kaffistofa,40.0
Neshagi 16,48,945,Nh-106-Túlkanám (HUG),3.0,Kennslustofa,10.0
Norræna Húsið,23,1271,Norræna húsið,25.0,Vinnurými,0.0
Nýi Garður,24,552,Ng-301,7.0,Skrifstofa,
Nýi Garður,24,1682,ng,7.0,Skrifstofa,
Nýi Garður,24,1516,Ng-107,7.0,Skrifstofa,
Nýi Garður,24,1493,Ng-302,7.0,Skrifstofa,
Nýi Garður,24,508,Ng-015,7.0,Skrifstofa,
Nýi Garður,24,498,Ng-001,7.0,Skrifstofa,
Nýi Garður,24,499,Ng-002,7.0,Skrifstofa,
Nýi Garður,24,500,Ng-003,7.0,Skrifstofa,
Nýi Garður,24,519,Ng-114,7.0,Skrifstofa,
Nýi Garður,24,520,Ng-115,7.0,Skrifstofa,
Nýi Garður,24,521,Ng-116,7.0,Skrifstofa,
Nýi Garður,24,522,Ng-117,7.0,Skrifstofa,
Nýi Garður,24,523,Ng-118,7.0,Skrifstofa,
Nýi Garður,24,524,Ng-119,7.0,Skrifstofa,
Nýi Garður,24,525,Ng-120,7.0,Skrifstofa,
Nýi Garður,24,534,Ng-202,7.0,Skrifstofa,
Nýi Garður,24,533,Ng-201,7.0,Skrifstofa,
Nýi Garður,24,518,Ng-113,7.0,Skrifstofa,
Nýi Garður,24,1684,,1.0,Fyrirlestrasalur,
Nýi Garður,24,1510,Ng-319,7.0,Skrifstofa,
Nýi Garður,24,1511,Ng-320,7.0,Skrifstofa,
Nýi Garður,24,1470,Ng-011,7.0,Skrifstofa,
Nýi Garður,24,1472,Ng-013,7.0,Skrifstofa,
Nýi Garður,24,1473,Ng-017,7.0,Skrifstofa,
Nýi Garður,24,1513,Ng-104,7.0,Skrifstofa,
Nýi Garður,24,1475,Ng-204,7.0,Skrifstofa,
Nýi Garður,24,1476,Ng-205,7.0,Skrifstofa,
Nýi Garður,24,1478,Ng-207,7.0,Skrifstofa,
Nýi Garður,24,1479,Ng-208,7.0,Skrifstofa,
Nýi Garður,24,1480,Ng-209,7.0,Skrifstofa,
Nýi Garður,24,1481,Ng-210,7.0,Skrifstofa,
Nýi Garður,24,1482,Ng-211,7.0,Skrifstofa,
Nýi Garður,24,1483,Ng-212,7.0,Skrifstofa,
Nýi Garður,24,1485,Ng-214,7.0,Skrifstofa,
Nýi Garður,24,1486,Ng-215,7.0,Skrifstofa,
Nýi Garður,24,1487,Ng-216,7.0,Skrifstofa,
Nýi Garður,24,1488,Ng-217,7.0,Skrifstofa,
Nýi Garður,24,1489,Ng-218,7.0,Skrifstofa,
Nýi Garður,24,1491,Ng-220,7.0,Skrifstofa,
Nýi Garður,24,1492,Ng-224,7.0,Skrifstofa,
Nýi Garður,24,1494,Ng-303,7.0,Skrifstofa,
Nýi Garður,24,1496,Ng-305,7.0,Skrifstofa,
Nýi Garður,24,1497,Ng-306,7.0,Skrifstofa,
Nýi Garður,24,1498,Ng-307,7.0,Skrifstofa,
Nýi Garður,24,1499,Ng-308,7.0,Skrifstofa,
Nýi Garður,24,1501,Ng-310,7.0,Skrifstofa,
Nýi Garður,24,1502,Ng-311,7.0,Skrifstofa,
Nýi Garður,24,1503,Ng-312,7.0,Skrifstofa,
Nýi Garður,24,1504,Ng-313,7.0,Skrifstofa,
Nýi Garður,24,1505,Ng-314,7.0,Skrifstofa,
Nýi Garður,24,1506,Ng-315,7.0,Skrifstofa,
Nýi Garður,24,1507,Ng-316,7.0,Skrifstofa,
Nýi Garður,24,1508,Ng-317,7.0,Skrifstofa,
Nýi Garður,24,1474,Ng-203,7.0,Skrifstofa,
Nýi Garður,24,1515,Ng-106,7.0,Skrifstofa,
Nýi Garður,24,1647,Ng-225,7.0,Skrifstofa,
Nýi Garður,24,1509,Ng-318,7.0,Skrifstofa,
Nýi Garður,24,501,Ng-004,7.0,Skrifstofa,
Nýi Garður,24,502,Ng-005,7.0,Skrifstofa,
Nýi Garður,24,503,Ng-006,7.0,Skrifstofa,
Nýi Garður,24,504,Ng-007,7.0,Skrifstofa,
Nýi Garður,24,505,Ng-008,7.0,Skrifstofa,
Nýi Garður,24,506,Ng-009,7.0,Skrifstofa,
Nýi Garður,24,510,Ng-016,7.0,Skrifstofa,
Nýi Garður,24,514,Ng-101,7.0,Skrifstofa,
Nýi Garður,24,511,Ng-018,25.0,Vinnurými,
Nýi Garður,24,515,Ng-102,7.0,Skrifstofa,
Nýi Garður,24,516,Ng-111,7.0,Skrifstofa,
Nýi Garður,24,517,Ng-112,7.0,Skrifstofa,
Nýi Garður,24,507,Ng-010,2.0,Dæmaver,
Nýi Garður,24,1471,Ng-012,7.0,Skrifstofa,
Nýi Garður,24,1512,Ng-103,7.0,Skrifstofa,
Nýi Garður,24,1514,Ng-105,7.0,Skrifstofa,
Nýi Garður,24,1517,Ng-108,7.0,Skrifstofa,
Nýi Garður,24,1518,Ng-109,7.0,Skrifstofa,
Nýi Garður,24,1519,Ng-110,7.0,Skrifstofa,
Nýi Garður,24,1495,Ng-304,7.0,Skrifstofa,
Nýi Garður,24,1500,Ng-309,7.0,Skrifstofa,
Nýi Garður,24,1477,Ng-206,7.0,Skrifstofa,
Nýi Garður,24,1484,Ng-213,7.0,Skrifstofa,
Nýi Garður,24,1490,Ng-219,7.0,Skrifstofa,
Nýi Garður,24,1269,Ng-014,7.0,Skrifstofa,
Oddi,26,577,"O-027, fjarbún. sérstofa",31.0,Annað,
Oddi,26,1666,"O-100, opið rými",21.0,Opið rými,
Oddi,26,579,"O-029, fjarkennslust.",26.0,Fjarkennslustofa,
Oddi,26,581,O-102 - Tölvuver,4.0,Tölvuver,19.0
Oddi,26,638,O-301 - Tölvuver,4.0,Tölvuver,39.0
Oddi,26,578,"O-028, fjark./blaða- og fréttam",26.0,Fjarkennslustofa,16.0
Oddi,26,585,O-106,3.0,Kennslustofa,30.0
Oddi,26,609,O-202,3.0,Kennslustofa,40.0
Oddi,26,572,O-019,7.0,Skrifstofa,
Oddi,26,575,O-025,7.0,Skrifstofa,
Oddi,26,573,O-022,7.0,Skrifstofa,
Oddi,26,574,O-024,7.0,Skrifstofa,
Oddi,26,576,O-026,7.0,Skrifstofa,
Oddi,26,586,O-110,7.0,Skrifstofa,
Oddi,26,587,O-111,7.0,Skrifstofa,
Oddi,26,588,O-112,7.0,Skrifstofa,
Oddi,26,589,O-113,7.0,Skrifstofa,
Oddi,26,590,O-114,7.0,Skrifstofa,
Oddi,26,591,O-115,7.0,Skrifstofa,
Oddi,26,592,O-116,7.0,Skrifstofa,
Oddi,26,594,O-118,7.0,Skrifstofa,
Oddi,26,595,O-119,7.0,Skrifstofa,
Oddi,26,596,O-120,7.0,Skrifstofa,
Oddi,26,597,O-121,7.0,Skrifstofa,
Oddi,26,603,O-127,7.0,Skrifstofa,
Oddi,26,604,O-128,7.0,Skrifstofa,
Oddi,26,605,O-129,7.0,Skrifstofa,
Oddi,26,606,O-131,7.0,Skrifstofa,
Oddi,26,607,O-134,8.0,Kaffistofa,
Oddi,26,614,O-211,7.0,Skrifstofa,
Oddi,26,615,O-212,7.0,Skrifstofa,
Oddi,26,616,O-213,7.0,Skrifstofa,
Oddi,26,618,O-215,7.0,Skrifstofa,
Oddi,26,619,O-216,7.0,Skrifstofa,
Oddi,26,570,O-004,7.0,Skrifstofa,
Oddi,26,617,O-214 - fundarherbergi,13.0,Herbergi,
Oddi,26,593,O-117,7.0,Skrifstofa,
Oddi,26,634,O-231,7.0,Skrifstofa,
Oddi,26,635,O-232,7.0,Skrifstofa,
Oddi,26,636,O-233,7.0,Skrifstofa,
Oddi,26,637,O-234,7.0,Skrifstofa,
Oddi,26,645,O-314,7.0,Skrifstofa,
Oddi,26,644,O-313,7.0,Skrifstofa,
Oddi,26,643,O-312,7.0,Skrifstofa,
Oddi,26,642,O-311,7.0,Skrifstofa,
Oddi,26,608,O-201,3.0,Kennslustofa,88.0
Oddi,26,610,O-203,3.0,Kennslustofa,16.0
Oddi,26,613,O-206,3.0,Kennslustofa,30.0
Oddi,26,611,O-204,3.0,Kennslustofa,16.0
Oddi,26,620,O-217,7.0,Skrifstofa,
Oddi,26,627,O-224,7.0,Skrifstofa,
Oddi,26,628,O-225,7.0,Skrifstofa,
Oddi,26,629,O-226,7.0,Skrifstofa,
Oddi,26,630,O-227,7.0,Skrifstofa,
Oddi,26,631,O-228,7.0,Skrifstofa,
Oddi,26,632,O-229,7.0,Skrifstofa,
Oddi,26,633,O-230,7.0,Skrifstofa,
Oddi,26,641,O-310,7.0,Skrifstofa,
Oddi,26,640,O-303,7.0,Skrifstofa,
Oddi,26,639,O-302,7.0,Skrifstofa,
Oddi,26,583,O-104,3.0,Kennslustofa,16.0
Oddi,26,584,O-105,3.0,Kennslustofa,18.0
Oddi,26,580,O-101,3.0,Kennslustofa,93.0
Oddi,26,582,O-103,3.0,Kennslustofa,16.0
Oddi,26,1317,O-210,7.0,Skrifstofa,
Oddi,26,571,O-008,7.0,Skrifstofa,
Oddi,26,1683,O-130,7.0,Skrifstofa,
Oddi,26,1667,"O-200, opið rými",21.0,Opið rými,
Oddi,26,598,O-122,7.0,Skrifstofa,
Oddi,26,599,O-123,7.0,Skrifstofa,
Oddi,26,600,O-124,7.0,Skrifstofa,
Oddi,26,601,O-125,7.0,Skrifstofa,
Oddi,26,602,O-126,7.0,Skrifstofa,
Oddi,26,621,O-218,7.0,Skrifstofa,
Oddi,26,622,O-219,7.0,Skrifstofa,
Oddi,26,623,O-220,7.0,Skrifstofa,
Oddi,26,624,O-221,7.0,Skrifstofa,
Oddi,26,625,O-222,7.0,Skrifstofa,
Oddi,26,626,O-223,7.0,Skrifstofa,
Oddi,26,664,O-343,8.0,Kaffistofa,
Oddi,26,663,O-332,7.0,Skrifstofa,
Oddi,26,662,O-331,7.0,Skrifstofa,
Oddi,26,661,O-330,7.0,Skrifstofa,
Oddi,26,660,O-329,7.0,Skrifstofa,
Oddi,26,659,O-328,7.0,Skrifstofa,
Oddi,26,658,O-327,7.0,Skrifstofa,
Oddi,26,657,O-326,7.0,Skrifstofa,
Oddi,26,656,O-325,7.0,Skrifstofa,
Oddi,26,655,O-324,7.0,Skrifstofa,
Oddi,26,654,O-323,7.0,Skrifstofa,
Oddi,26,653,O-322,7.0,Skrifstofa,
Oddi,26,652,O-321,7.0,Skrifstofa,
Oddi,26,651,O-320,7.0,Skrifstofa,
Oddi,26,650,O-319,7.0,Skrifstofa,
Oddi,26,649,O-318,7.0,Skrifstofa,
Oddi,26,648,O-317,7.0,Skrifstofa,
Oddi,26,647,O-316,7.0,Skrifstofa,
Oddi,26,646,O-315,7.0,Skrifstofa,
Oddi,26,612,O-205,3.0,Kennslustofa,18.0
Óákveðið,1,1969,Tilraun,3.0,Kennslustofa,
Óákveðið,1,1974,Tilkynnt síðar,31.0,Annað,
Óákveðið,1,1970,Ekki staðfest,31.0,Annað,
Óákveðið,1,2078,Annað,3.0,Kennslustofa,
Óákveðið,1,1534,Menntavísindasvið,3.0,Kennslustofa,0.0
Óákveðið,1,1535,Heilbrigðisvísindasvið,3.0,Kennslustofa,0.0
Óákveðið,1,1,Hugvísindasvið,3.0,Kennslustofa,0.0
Óákveðið,1,1305,Félagsvísindasvið,3.0,Kennslustofa,0.0
Óákveðið,1,1533,Verk- og náttúruvísindasvið,3.0,Kennslustofa,0.0
Saga,148,2118,S-054,3.0,Kennslustofa,
Saga,148,2119,S-075,3.0,Kennslustofa,
Saga,148,2109,S-284,3.0,Kennslustofa,10.0
Saga,148,2110,S-278,3.0,Kennslustofa,16.0
Saga,148,2104,S-275,3.0,Kennslustofa,12.0
Saga,148,2120,S-114 (Bóka frá Haust '25),3.0,Kennslustofa,126.0
Saga,148,2112,S-262,3.0,Kennslustofa,60.0
Saga,148,2105,S-277,3.0,Kennslustofa,32.0
Saga,148,2106,S-281,3.0,Kennslustofa,40.0
Saga,148,2107,S-285,3.0,Kennslustofa,40.0
Saga,148,2108,S-286,3.0,Kennslustofa,6.0
Saga,148,2111,S-267,3.0,Kennslustofa,18.0
Saga,148,2113,S-261,3.0,Kennslustofa,114.0
Sel,95,1550,,7.0,Skrifstofa,
Setberg,137,1912,Sýndarset,7.0,Skrifstofa,
Setberg,137,1998,Suðurberg - 305,5.0,Fundarherbergi,20.0
Setberg,137,1905,Setberg 310,32.0,Sérstofa,28.0
Skipholt 37,99,,,,,
Skólabær,29,682,Skb-001,10.0,Gestaíbúð,
Skólabær,29,683,Skb-002,10.0,Gestaíbúð,
Skólabær,29,684,Skb-003,10.0,Gestaíbúð,
Skólabær,29,685,Skb-004,10.0,Gestaíbúð,
Skólabær,29,686,Skb-005,10.0,Gestaíbúð,
Skólabær,29,687,Skb-006,10.0,Gestaíbúð,
Skólabær,29,688,Skb-007,10.0,Gestaíbúð,
Skólabær,29,689,Skb-101,11.0,Veislusalur,
Skólabær,29,690,Skb-102,11.0,Veislusalur,
Skólabær,29,691,Skb-103,11.0,Veislusalur,
Skólabær,29,693,Skb-105,11.0,Veislusalur,
Skólabær,29,694,Skb-106,11.0,Veislusalur,
Skólabær,29,695,Skb-107,11.0,Veislusalur,
Skólabær,29,696,Skb-108,11.0,Veislusalur,
Skólabær,29,678,Skb-202,7.0,Skrifstofa,
Skólabær,29,679,Skb-203,7.0,Skrifstofa,
Skólabær,29,680,Skb-204,7.0,Skrifstofa,
Skólabær,29,681,Skb-301,7.0,Skrifstofa,
Skólabær,29,692,Skb-104,11.0,Veislusalur,
Skrifstofa kennara,62,1284,Skrifstofa kennara,7.0,Skrifstofa,0.0
Smyrilsvegur,53,1552,,7.0,Skrifstofa,
Stakkahlíð - Enni,86,1863,E-202,7.0,Skrifstofa,
Stakkahlíð - Enni,86,1875,E-104,7.0,Skrifstofa,
Stakkahlíð - Enni,86,1866,Kennsluskrifstofa 1. hæð,7.0,Skrifstofa,
Stakkahlíð - Enni,86,1876,E-401,7.0,Skrifstofa,
Stakkahlíð - Enni,86,1877,E-402,7.0,Skrifstofa,
Stakkahlíð - Enni,86,1878,E-404,7.0,Skrifstofa,
Stakkahlíð - Enni,86,1751,E-305,7.0,Skrifstofa,
Stakkahlíð - Enni,86,1343,E-301,3.0,Kennslustofa,60.0
Stakkahlíð - Enni,86,1346,E-204,7.0,Skrifstofa,
Stakkahlíð - Enni,86,1393,E-201,7.0,Skrifstofa,
Stakkahlíð - Enni,86,1348,E-303 sérstofa,3.0,Kennslustofa,24.0
Stakkahlíð - Enni,86,1340,E-205 - sér fundarherbergi MVS,5.0,Fundarherbergi,14.0
Stakkahlíð - Enni,86,1347,E-302,7.0,Skrifstofa,
Stakkahlíð - Enni,86,1349,E-304,7.0,Skrifstofa,
Stakkahlíð - Enni,86,1375,E-203,7.0,Skrifstofa,
Stakkahlíð - Fjara,88,1394,Fjara ekki heimilt að bóka,0.0,Matsalur,165.0
Stakkahlíð - Fjara,88,1584,Skáli ekki heimilt að bóka,0.0,Matsalur,50.0
Stakkahlíð - Hamar,84,1864,H-100-opið rými,21.0,Opið rými,
Stakkahlíð - Hamar,84,1358,H-207,31.0,Annað,69.0
Stakkahlíð - Hamar,84,1665,H-Tölvuver,31.0,Annað,16.0
Stakkahlíð - Hamar,84,1867,opið rými,7.0,Skrifstofa,
Stakkahlíð - Hamar,84,1359,H-208,31.0,Annað,34.0
Stakkahlíð - Hamar,84,1354,H-203,31.0,Annað,38.0
Stakkahlíð - Hamar,84,1868,skrifstofa,7.0,Skrifstofa,
Stakkahlíð - Hamar,84,1360,H-209,31.0,Annað,34.0
Stakkahlíð - Hamar,84,1770,skrifstofa,7.0,Skrifstofa,
Stakkahlíð - Hamar,84,1357,H-206,31.0,Annað,40.0
Stakkahlíð - Hamar,84,1344,Bratti,31.0,Annað,200.0
Stakkahlíð - Hamar,84,1356,H-205,31.0,Annað,50.0
Stakkahlíð - Hamar,84,1345,Skriða,3.0,Kennslustofa,300.0
Stakkahlíð - Hamar,84,1350,H-001,31.0,Annað,34.0
Stakkahlíð - Hamar,84,1352,H-201,31.0,Annað,50.0
Stakkahlíð - Hamar,84,1351,H-101,31.0,Annað,35.0
Stakkahlíð - Hamar,84,1353,H-202,31.0,Annað,38.0
Stakkahlíð - Hamar,84,1341,skrifstofa,31.0,Annað,8.0
Stakkahlíð - Hamar,84,1450,Upptökuver,31.0,Annað,
Stakkahlíð - Hamar,84,1355,H-204,31.0,Annað,40.0
Stakkahlíð - Klettur,85,1871,K-105,7.0,Skrifstofa,
Stakkahlíð - Klettur,85,1869,K-105,7.0,Skrifstofa,
Stakkahlíð - Klettur,85,1872,K-203,7.0,Skrifstofa,
Stakkahlíð - Klettur,85,1873,K-306,7.0,Skrifstofa,
Stakkahlíð - Klettur,85,1904,Rafhjól,34.0,Hjól,
Stakkahlíð - Klettur,85,1870,K-201,3.0,Kennslustofa,8.0
Stakkahlíð - Klettur,85,1364,K-205,3.0,Kennslustofa,50.0
Stakkahlíð - Klettur,85,1365,K-206,3.0,Kennslustofa,50.0
Stakkahlíð - Klettur,85,1367,K-208,3.0,Kennslustofa,50.0
Stakkahlíð - Klettur,85,1362,K-202,3.0,Kennslustofa,30.0
Stakkahlíð - Klettur,85,1363,K-204,7.0,Skrifstofa,
Stakkahlíð - Klettur,85,1342,K-103,3.0,Kennslustofa,30.0
Stakkahlíð - Klettur,85,1361,K-102,3.0,Kennslustofa,30.0
Stakkahlíð - Klettur,85,1366,K-207,3.0,Kennslustofa,50.0
Stakkahlíð - Múli,87,1865,Sviðsskrifstofa Menntavísindasviðs,7.0,Skrifstofa,
Stakkahlíð - Múli,87,1862,Nissan Leaf EKS28,33.0,Bíll,5.0
Stakkahlíð - Múli,87,1879,2. hæð skrifstofa,7.0,Skrifstofa,
Stakkahlíð - Múli,87,1880,3. hæð skrifstofa,7.0,Skrifstofa,
Stakkahlíð - Múli,87,1553, ,7.0,Skrifstofa,
Stakkahlíð - Múli,87,1679,,23.0,Lesstofa,
Stapi,9,1664,Stapi 017,9.0,Lab,
Stapi,9,1408,"Stapi 215, sérstofa",22.0,Rannsóknastofa,8.0
Stapi,9,1405,"Stapi 211, sérstofa",22.0,Rannsóknastofa,12.0
Stapi,9,1406,"Stapi 213, sérstofa",22.0,Rannsóknastofa,16.0
Stapi,9,1310,Stapi 114 Sjúkraþ.verknám,3.0,Kennslustofa,
Stapi,9,1402,Stapi 107,3.0,Kennslustofa,28.0
Stapi,9,1407,(Ekki bókanleg) Stapi 214,31.0,Annað,
Stapi,9,1403,Stapi 108,3.0,Kennslustofa,28.0
Stapi,9,1413,Stapi 212,7.0,Skrifstofa,
Stapi,9,1414,"Stapi 217, almennt fundarherb.",5.0,Fundarherbergi,10.0
Stapi,9,1678,"Stapi 124, forsalur",21.0,Opið rými,
Stapi,9,1663,Stapi 109 sérstofa,9.0,Lab,6.0
Stapi,9,1404,Stapi 210,3.0,Kennslustofa,48.0
Stapi,9,1409,Stapi 216,3.0,Kennslustofa,16.0
Sturlugata 8,98,,,,,
Suðurgata 121,79,1324,Suðurg. 207,10.0,Gestaíbúð,1.0
Sumarhús,31,1556,,7.0,Skrifstofa,
Tilraunastöð HÍ. í meinafræði - Keldum,17,1554,,7.0,Skrifstofa,
Tæknifræðisetur,140,2095,TFS-310,3.0,Kennslustofa,50.0
Tæknifræðisetur,140,2097,TFS-305,3.0,Kennslustofa,50.0
Tæknifræðisetur,140,2096,TFS-302,3.0,Kennslustofa,50.0
Tæknifræðisetur,140,1677,TFS-201,3.0,Kennslustofa,50.0
Tæknigarður,33,1883,Tg-306,7.0,Skrifstofa,
Tæknigarður,33,1888,Tg-329,7.0,Skrifstofa,
Tæknigarður,33,1884,Tg-316,7.0,Skrifstofa,
Tæknigarður,33,1885,Tg-317,7.0,Skrifstofa,
Tæknigarður,33,1886,Tg-318,7.0,Skrifstofa,
Tæknigarður,33,1887,Tg-326,7.0,Skrifstofa,
Tæknigarður,33,1889,Tg- 332,7.0,Skrifstofa,
Tæknigarður,33,1707,Tg-229,7.0,Skrifstofa,
Tæknigarður,33,1706,Tg-212,7.0,Skrifstofa,
Tæknigarður,33,1710,TG-307,7.0,Skrifstofa,
Tæknigarður,33,1718,Tg-325,7.0,Skrifstofa,
Tæknigarður,33,1730,Tg-256,7.0,Skrifstofa,
Tæknigarður,33,1724,Tg-121,7.0,Skrifstofa,
Tæknigarður,33,1720,Tg-330,7.0,Skrifstofa,
Tæknigarður,33,1728,Tg-254,7.0,Skrifstofa,
Tæknigarður,33,1725,Tg-100,21.0,Opið rými,
Tæknigarður,33,1251,Tg-217,7.0,Skrifstofa,
Tæknigarður,33,1733,Tg-208,7.0,Skrifstofa,
Tæknigarður,33,1740,Tg-244,7.0,Skrifstofa,
Tæknigarður,33,1703,Tg-207,7.0,Skrifstofa,
Tæknigarður,33,1708,TG-231,7.0,Skrifstofa,
Tæknigarður,33,1711,Tg-309,7.0,Skrifstofa,
Tæknigarður,33,1729,Tg-255,7.0,Skrifstofa,
Tæknigarður,33,1734,Tg-209,7.0,Skrifstofa,
Tæknigarður,33,1741,Tg-319,7.0,Skrifstofa,
Tæknigarður,33,1704,Tg-210,7.0,Skrifstofa,
Tæknigarður,33,1709,Tg-305,7.0,Skrifstofa,
Tæknigarður,33,1712,Tg-312,7.0,Skrifstofa,
Tæknigarður,33,1735,Tg-228,7.0,Skrifstofa,
Tæknigarður,33,1742,Tg-323,7.0,Skrifstofa,
Tæknigarður,33,1705,Tg-211,7.0,Skrifstofa,
Tæknigarður,33,1713,Tg-315,7.0,Skrifstofa,
Tæknigarður,33,1731,Tg-257,7.0,Skrifstofa,
Tæknigarður,33,1743,Tg-327,7.0,Skrifstofa,
Tæknigarður,33,1736,Tg-308,7.0,Skrifstofa,
Tæknigarður,33,1714,Tg-320,7.0,Skrifstofa,
Tæknigarður,33,1737,Tg-310,7.0,Skrifstofa,
Tæknigarður,33,1744,Tg-331,7.0,Skrifstofa,
Tæknigarður,33,1715,Tg-322,7.0,Skrifstofa,
Tæknigarður,33,1738,Tg-311,7.0,Skrifstofa,
Tæknigarður,33,1716,Tg-324,7.0,Skrifstofa,
Tæknigarður,33,1739,Tg-314,7.0,Skrifstofa,
Tæknigarður,33,1717,Tg-328,7.0,Skrifstofa,
Tæknigarður,33,1882,Tg-214a,7.0,Skrifstofa,
Tæknigarður,33,2038,Tg-214b Geysir,5.0,Fundarherbergi,14.0
Tæknigarður,33,1261,Tg-227 Heimastofa,3.0,Kennslustofa,20.0
Tæknigarður,33,1253,Tg-219,7.0,Skrifstofa,0.0
Tæknigarður,33,1254,Tg-220,7.0,Skrifstofa,0.0
Tæknigarður,33,1256,Tg-222,7.0,Skrifstofa,0.0
Tæknigarður,33,1257,Tg-223,7.0,Skrifstofa,0.0
Tæknigarður,33,1258,Tg-224,7.0,Skrifstofa,0.0
Tæknigarður,33,1259,Tg-225,7.0,Skrifstofa,0.0
Tæknigarður,33,1260,Tg-226,7.0,Skrifstofa,0.0
Tæknigarður,33,1268,Tg-kústaskápur,11.0,Veislusalur,2.0
Tæknigarður,33,1252,Tg-218,7.0,Skrifstofa,
Tæknigarður,33,1249,Fundarherbergi RHÍ (ekki notað),25.0,Vinnurými,10.0
Tæknigarður,33,1417,Tg-130,7.0,Skrifstofa,8.0
Tæknigarður,33,1445,Tg-129,27.0,Þjónustuborð,3.0
Tæknigarður,33,1444,Tg-128,27.0,Þjónustuborð,
Tæknigarður,33,1300,Tg-Matsalur(ekki notað),25.0,Vinnurými,30.0
Tæknigarður,33,1299,Tg-127,5.0,Fundarherbergi,14.0
Tæknigarður,33,1301,Tg-1 (ekki notað),25.0,Vinnurými,21.0
Tæknigarður,33,1255,Tg-221,7.0,Skrifstofa,0.0
Tæknigarður,33,1297,Tg-313,7.0,Skrifstofa,1.0
Tæknigarður,33,1963,VW EUP IEF16,33.0,Bíll,5.0
Utan H.Í.,64,1966,LHÍ,1.0,Fyrirlestrasalur,
Utan H.Í.,64,1975,LSH,19.0,Vettvangsnám,
Utan H.Í.,64,2071,Saga 1,1.0,Fyrirlestrasalur,100.0
Utan H.Í.,64,2003,Matís sérstofa,3.0,Kennslustofa,
Utan H.Í.,64,1968,Neskirkja kjallari,1.0,Fyrirlestrasalur,60.0
Utan H.Í.,64,2002,Matís sérstofa,3.0,Kennslustofa,
Utan H.Í.,64,1967,Gróska,1.0,Fyrirlestrasalur,213.0
Utan H.Í.,64,1935,Fjarkennsla,3.0,Kennslustofa,
Utan H.Í.,64,1282,Utan H.Í.,3.0,Kennslustofa,
Utan H.Í.,64,2074,Rannsóknarsetri Háskólans á Snæfellsnesi,31.0,Annað,
Utan H.Í.,64,2114,Safnaðarheimili Háteigskirkju,3.0,Kennslustofa,100.0
Utan H.Í.,64,2116,Safnaðarheimili óháða - neðri hæð,3.0,Kennslustofa,40.0
Utan H.Í.,64,2115,Safnaðarheimili óháða - efri hæð,3.0,Kennslustofa,40.0
Utan H.Í.,64,2117,Laugardalshöll - Salur 1,1.0,Fyrirlestrasalur,80.0
Úrræði - Sýndarhús,146,2086,Einrými,,,
Úrræði - Sýndarhús,146,2087,Fárými,,,
Úrræði - Sýndarhús,146,2088,Úrræðastofa,,,
Verklegt utan H.Í.,63,1774,Laugardalshöll,6.0,Íþróttasalur,
Verklegt utan H.Í.,63,1775,Laugardalslaug,18.0,Sundlaug,
Verklegt utan H.Í.,63,1776,Frjálsíþróttahöll,6.0,Íþróttasalur,
Verklegt utan H.Í.,63,1777,World Class,6.0,Íþróttasalur,
Verklegt utan H.Í.,63,1778,Ármann Laugardalur,6.0,Íþróttasalur,
Verklegt utan H.Í.,63,1779,Rannsóknarstofa íþróttafræði,3.0,Kennslustofa,60.0
Verklegt utan H.Í.,63,1283,Verklegt utan H.Í.,13.0,Herbergi,
Veröld - Hús Vigdísar,103,1788,VHV-224,3.0,Kennslustofa,6.0
Veröld - Hús Vigdísar,103,1859,VHV-101 Upplifunar- og fræslusetur,31.0,Annað,
Veröld - Hús Vigdísar,103,1860,VHV-119 Vigdísarstofa,31.0,Annað,
Veröld - Hús Vigdísar,103,1824,VHV-316,7.0,Skrifstofa,
Veröld - Hús Vigdísar,103,1825,VHV-317,7.0,Skrifstofa,
Veröld - Hús Vigdísar,103,1826,VHV-318,7.0,Skrifstofa,
Veröld - Hús Vigdísar,103,1809,VHV-301,7.0,Skrifstofa,
Veröld - Hús Vigdísar,103,1827,VHV-319,7.0,Skrifstofa,
Veröld - Hús Vigdísar,103,1790,VHV-222,7.0,Skrifstofa,
Veröld - Hús Vigdísar,103,1796,VHV-002 opið rými,21.0,Opið rými,
Veröld - Hús Vigdísar,103,1795,VHV-230 Tungumálamiðstöð,4.0,Tölvuver,9.0
Veröld - Hús Vigdísar,103,1794,VHV-231 Tungumálamiðstöð,4.0,Tölvuver,17.0
Veröld - Hús Vigdísar,103,1785,VHV-104,3.0,Kennslustofa,20.0
Veröld - Hús Vigdísar,103,1784,VHV-103,3.0,Kennslustofa,20.0
Veröld - Hús Vigdísar,103,1858,VHV-201 Heimasvæði tungumála,31.0,Annað,30.0
Veröld - Hús Vigdísar,103,1781,VHV-007,3.0,Kennslustofa,40.0
Veröld - Hús Vigdísar,103,1782,VHV-008,3.0,Kennslustofa,40.0
Veröld - Hús Vigdísar,103,1786,VHV-107,3.0,Kennslustofa,20.0
Veröld - Hús Vigdísar,103,1792,VHV-227,3.0,Kennslustofa,10.0
Veröld - Hús Vigdísar,103,1791,VHV-207,3.0,Kennslustofa,10.0
Veröld - Hús Vigdísar,103,1789,VHV-223,3.0,Kennslustofa,6.0
Veröld - Hús Vigdísar,103,1793,VHV-228,3.0,Kennslustofa,10.0
Veröld - Hús Vigdísar,103,1787,VHV-108,3.0,Kennslustofa,20.0
Veröld - Hús Vigdísar,103,1783,VHV-023 Auðarsalur,3.0,Kennslustofa,121.0
Veröld - Hús Vigdísar,103,1798,VHV-000 útitorg,31.0,Annað,
Veröld - Hús Vigdísar,103,1808,VHV-119 Vigdísarstofa,21.0,Opið rými,
Veröld - Hús Vigdísar,103,1810,VHV-302,7.0,Skrifstofa,
Veröld - Hús Vigdísar,103,1811,VHV-303,7.0,Skrifstofa,
Veröld - Hús Vigdísar,103,1812,VHV-304,7.0,Skrifstofa,
Veröld - Hús Vigdísar,103,1813,VHV-305,7.0,Skrifstofa,
Veröld - Hús Vigdísar,103,1814,VHV-306,7.0,Skrifstofa,
Veröld - Hús Vigdísar,103,1815,VHV-307,7.0,Skrifstofa,
Veröld - Hús Vigdísar,103,1816,VHV-308,7.0,Skrifstofa,
Veröld - Hús Vigdísar,103,1817,VHV-309,7.0,Skrifstofa,
Veröld - Hús Vigdísar,103,1818,VHV-310,7.0,Skrifstofa,
Veröld - Hús Vigdísar,103,1819,VHV-311,7.0,Skrifstofa,
Veröld - Hús Vigdísar,103,1820,VHV-312,7.0,Skrifstofa,
Veröld - Hús Vigdísar,103,1821,VHV-313,7.0,Skrifstofa,
Veröld - Hús Vigdísar,103,1822,VHV-314,7.0,Skrifstofa,
Veröld - Hús Vigdísar,103,1823,VHV-315,7.0,Skrifstofa,
Veröld - Hús Vigdísar,103,1828,VHV-320,5.0,Fundarherbergi,10.0
Veröld - Hús Vigdísar,103,1829,VHV-321,7.0,Skrifstofa,
Veröld - Hús Vigdísar,103,1830,VHV-329,7.0,Skrifstofa,
Veröld - Hús Vigdísar,103,1831,VHV-330,7.0,Skrifstofa,
Veröld - Hús Vigdísar,103,1832,VHV-331,7.0,Skrifstofa,
Veröld - Hús Vigdísar,103,1833,VHV-334,7.0,Skrifstofa,
Veröld - Hús Vigdísar,103,1834,VHV-335,7.0,Skrifstofa,
Veröld - Hús Vigdísar,103,1835,VHV-336,7.0,Skrifstofa,
Veröld - Hús Vigdísar,103,1836,VHV-337,7.0,Skrifstofa,
Veröld - Hús Vigdísar,103,1837,VHV-338,7.0,Skrifstofa,
Veröld - Hús Vigdísar,103,1838,VHV-339,7.0,Skrifstofa,
Veröld - Hús Vigdísar,103,1839,VHV-340,7.0,Skrifstofa,
Veröld - Hús Vigdísar,103,1840,VHV-341,7.0,Skrifstofa,
Veröld - Hús Vigdísar,103,1841,VHV-342,7.0,Skrifstofa,
Veröld - Hús Vigdísar,103,1842,VHV-345,5.0,Fundarherbergi,
Veröld - Hús Vigdísar,103,1843,VHV-204,7.0,Skrifstofa,
Veröld - Hús Vigdísar,103,1844,VHV-205,7.0,Skrifstofa,
Veröld - Hús Vigdísar,103,1845,VHV-206,7.0,Skrifstofa,
Veröld - Hús Vigdísar,103,1846,VHV-208,7.0,Skrifstofa,
Veröld - Hús Vigdísar,103,1847,VHV-209,7.0,Skrifstofa,
Veröld - Hús Vigdísar,103,1848,VHV-210,7.0,Skrifstofa,
Veröld - Hús Vigdísar,103,1849,VHV-211,7.0,Skrifstofa,
Veröld - Hús Vigdísar,103,1850,VHV-213,7.0,Skrifstofa,
Veröld - Hús Vigdísar,103,1960,VHV-212,7.0,Skrifstofa,
VR-1,36,699,V01-106,9.0,Lab,
VR-1,36,700,V01-107,9.0,Lab,
VR-1,36,701,V01-108,9.0,Lab,
VR-1,36,702,V01-109,9.0,Lab,
VR-1,36,703,V01-110,9.0,Lab,
VR-1,36,704,V01-111,9.0,Lab,
VR-1,36,705,V01-112,9.0,Lab,
VR-1,36,706,V01-113,9.0,Lab,
VR-1,36,707,V01-118,9.0,Lab,
VR-1,36,711,V01-122,9.0,Lab,
VR-1,36,712,V01-123,9.0,Lab,
VR-1,36,713,V01-125,9.0,Lab,
VR-1,36,714,V01-126,9.0,Lab,
VR-1,36,715,V01-127,9.0,Lab,
VR-1,36,716,V01-128,9.0,Lab,
VR-1,36,717,V01-129,9.0,Lab,
VR-1,36,718,V01-131,9.0,Lab,
VR-1,36,719,V01-132,9.0,Lab,
VR-1,36,720,V01-201,9.0,Lab,
VR-1,36,723,V01-204,9.0,Lab,
VR-1,36,1527,V01-216,9.0,Lab,
VR-1,36,1528,V01-219,9.0,Lab,
VR-1,36,721,V01-202,9.0,Lab,
VR-1,36,722,V01-203,9.0,Lab,
VR-1,36,697,V01-103 Lab,9.0,Lab,
VR-1,36,698,V01-105 Lab,9.0,Lab,
VR-1,36,1529,V01-217,8.0,Kaffistofa,
VR-1,36,1530,V01-218,7.0,Skrifstofa,
VR-1,36,708,V01-119,9.0,Lab,
VR-1,36,709,V01-120,9.0,Lab,
VR-1,36,710,V01-121,9.0,Lab,
VR-1,36,1524,V01-116,7.0,Skrifstofa,
VR-1,36,724,V01-205,9.0,Lab,
VR-1,36,725,V01-206,9.0,Lab,
VR-1,36,726,V01-207,9.0,Lab,
VR-1,36,727,V01-208,9.0,Lab,
VR-1,36,728,V01-209,9.0,Lab,
VR-1,36,729,V01-210,9.0,Lab,
VR-1,36,730,V01-212,9.0,Lab,
VR-1,36,731,V01-213,9.0,Lab,
VR-1,36,732,V01-214,9.0,Lab,
VR-1,36,733,V01-215,9.0,Lab,
VR-1,36,1522,V01-114,7.0,Skrifstofa,
VR-1,36,1523,V01-115,9.0,Lab,
VR-1,36,1525,V01-117,9.0,Lab,
VR-1,36,1526,V01-211,9.0,Lab,
VR-2,37,782,V02-354 heimastofa,3.0,Kennslustofa,40.0
VR-2,37,761,"V02-252, Kot",5.0,Fundarherbergi,6.0
VR-2,37,1890,V02-359,7.0,Skrifstofa,
VR-2,37,1891,V02-150,7.0,Skrifstofa,
VR-2,37,1892,V02-257b,7.0,Skrifstofa,
VR-2,37,1909,V02-351,23.0,Lesstofa,
VR-2,37,1893,V02-428,7.0,Skrifstofa,
VR-2,37,1910,V02-361,23.0,Lesstofa,
VR-2,37,1894,V02-429,7.0,Skrifstofa,
VR-2,37,1911,V02-362,23.0,Lesstofa,
VR-2,37,1895,V02-430,7.0,Skrifstofa,
VR-2,37,1896,V02-431,7.0,Skrifstofa,
VR-2,37,1897,V02-432,7.0,Skrifstofa,
VR-2,37,1898,V02-433,7.0,Skrifstofa,
VR-2,37,1899,V02-434,7.0,Skrifstofa,
VR-2,37,1900,V02-435,7.0,Skrifstofa,
VR-2,37,1901,V02-436,7.0,Skrifstofa,
VR-2,37,1699,V02-153,7.0,Skrifstofa,
VR-2,37,1702,V02-244,7.0,Skrifstofa,
VR-2,37,1727,V02-427,7.0,Skrifstofa,
VR-2,37,1745,V02-255a,7.0,Skrifstofa,
VR-2,37,1746,V02-254b,7.0,Skrifstofa,
VR-2,37,1747,V02-255b,7.0,Skrifstofa,
VR-2,37,781,"V02-353,",7.0,Skrifstofa,
VR-2,37,768,"V02-262, heimast.",3.0,Kennslustofa,40.0
VR-2,37,780,"V02-352, heimast.",3.0,Kennslustofa,28.0
VR-2,37,739,V02-147,3.0,Kennslustofa,30.0
VR-2,37,735,V02-138,3.0,Kennslustofa,22.0
VR-2,37,736,V02-139,7.0,Skrifstofa,
VR-2,37,737,V02-140,8.0,Kaffistofa,
VR-2,37,747,V02-235,7.0,Skrifstofa,
VR-2,37,769,V02-263,7.0,Skrifstofa,
VR-2,37,748,V02-236,7.0,Skrifstofa,
VR-2,37,749,V02-237,7.0,Skrifstofa,
VR-2,37,750,V02-238,7.0,Skrifstofa,
VR-2,37,751,V02-239,7.0,Skrifstofa,
VR-2,37,752,V02-240,7.0,Skrifstofa,
VR-2,37,753,V02-241,7.0,Skrifstofa,
VR-2,37,754,V02-242,7.0,Skrifstofa,
VR-2,37,755,V02-243,7.0,Skrifstofa,
VR-2,37,756,V02-247,7.0,Skrifstofa,
VR-2,37,757,V02-248,7.0,Skrifstofa,
VR-2,37,758,V02-249,7.0,Skrifstofa,
VR-2,37,759,V02-250,7.0,Skrifstofa,
VR-2,37,760,V02-251,7.0,Skrifstofa,
VR-2,37,770,V02-335,7.0,Skrifstofa,
VR-2,37,771,V02-336,7.0,Skrifstofa,
VR-2,37,772,V02-337,7.0,Skrifstofa,
VR-2,37,773,V02-338,7.0,Skrifstofa,
VR-2,37,774,V02-339,7.0,Skrifstofa,
VR-2,37,775,V02-340,7.0,Skrifstofa,
VR-2,37,776,V02-341,7.0,Skrifstofa,
VR-2,37,777,V02-342,7.0,Skrifstofa,
VR-2,37,778,V02-343,7.0,Skrifstofa,
VR-2,37,779,V02-344,7.0,Skrifstofa,
VR-2,37,783,V02-356,7.0,Skrifstofa,
VR-2,37,763,V02-256,7.0,Skrifstofa,
VR-2,37,785,V02-358,7.0,Skrifstofa,
VR-2,37,786,V02-360,7.0,Skrifstofa,
VR-2,37,787,V02-402,7.0,Skrifstofa,
VR-2,37,789,V02-404,7.0,Skrifstofa,
VR-2,37,790,V02-405,7.0,Skrifstofa,
VR-2,37,765,V02-258,3.0,Kennslustofa,34.0
VR-2,37,767,V02-261,3.0,Kennslustofa,60.0
VR-2,37,734,V02-137,7.0,Skrifstofa,
VR-2,37,762,V02-254a,7.0,Skrifstofa,
VR-2,37,741,V02-151 Sérstofa VR-2,3.0,Kennslustofa,12.0
VR-2,37,744,V02-156 Sérstofa VR-2,3.0,Kennslustofa,42.0
VR-2,37,766,V02-260 - Tölvuver,4.0,Tölvuver,8.0
VR-2,37,1415,V02-149,7.0,Skrifstofa,
VR-2,37,1289,Tölvuver-ótilgr.,13.0,Herbergi,
VR-2,37,764,"V02-257a, Langholt",5.0,Fundarherbergi,15.0
VR-2,37,784,V02-357,7.0,Skrifstofa,
VR-2,37,788,V02-403,7.0,Skrifstofa,
VR-2,37,738,"V02-146, tölvuver-sér",4.0,Tölvuver,
VR-2,37,740,"V02-148, sérstofa VR-2",3.0,Kennslustofa,
VR-2,37,746,V02-158,3.0,Kennslustofa,75.0
VR-2,37,745,V02-157,3.0,Kennslustofa,75.0
VR-2,37,742,V02-152,3.0,Kennslustofa,54.0
VR-2,37,743,V02-155,3.0,Kennslustofa,32.0
VR-3,39,1934,V03-215 doktorsnemarými,25.0,Vinnurými,
VR-3,39,1936,V03-115,12.0,Verkstæði,
VR-3,39,1964,V03-004,22.0,Rannsóknastofa,
VR-3,39,1701,V03-112,7.0,Skrifstofa,
VR-3,39,1700,V03-111,7.0,Skrifstofa,
VR-3,39,813,V03-016,7.0,Skrifstofa,
VR-3,39,814,V03-017,7.0,Skrifstofa,
VR-3,39,815,V03-101,7.0,Skrifstofa,
VR-3,39,826,V03-212,7.0,Skrifstofa,
VR-3,39,827,V03-213,7.0,Skrifstofa,
VR-3,39,828,V03-214,7.0,Skrifstofa,
VR-3,39,829,V03-216,7.0,Skrifstofa,
VR-3,39,830,V03-217,7.0,Skrifstofa,
VR-3,39,831,V03-218,7.0,Skrifstofa,
VR-3,39,833,V03-220,7.0,Skrifstofa,
VR-3,39,836,V03-225,7.0,Skrifstofa,
VR-3,39,837,V03-632,7.0,Skrifstofa,
VR-3,39,840,V03-235,12.0,Verkstæði,
VR-3,39,834,V03-221,7.0,Skrifstofa,
VR-3,39,835,V03-224,7.0,Skrifstofa,
VR-3,39,841,V03-042,12.0,Verkstæði,
VR-3,39,2079,V03-114,24.0,Verknámsstofa,
VR-3,39,1272,V03 fundarherbergi,5.0,Fundarherbergi,8.0
VR-3,39,1614,V03-113,24.0,Verknámsstofa,
VR-3,39,792,V03-031,9.0,Lab,
VR-3,39,843,V03-045,12.0,Verkstæði,
VR-3,39,832,V03-219,7.0,Skrifstofa,
VR-3,39,793,V03-032,9.0,Lab,
VR-3,39,794,V03-033,9.0,Lab,
VR-3,39,795,V03-037,9.0,Lab,
VR-3,39,796,V03-038,9.0,Lab,
VR-3,39,791,V03-030,9.0,Lab,
VR-3,39,842,V03-044,12.0,Verkstæði,
VR-3,39,844,V03-046,12.0,Verkstæði,
VR-3,39,845,V03-047,12.0,Verkstæði,
VR-3,39,846,V03-057,12.0,Verkstæði,
VR-3,39,816,V03-102,7.0,Skrifstofa,
VR-3,39,817,V03-103,7.0,Skrifstofa,
VR-3,39,818,V03-104,7.0,Skrifstofa,
VR-3,39,810,V03-105,7.0,Skrifstofa,
VR-3,39,819,V03-105,7.0,Skrifstofa,
VR-3,39,820,V03-106,7.0,Skrifstofa,
VR-3,39,821,V03-107,7.0,Skrifstofa,
VR-3,39,822,V03-108,7.0,Skrifstofa,
VR-3,39,823,V03-116,7.0,Skrifstofa,
VR-3,39,824,V03-117,7.0,Skrifstofa,
VR-3,39,825,V03-211,7.0,Skrifstofa,
VR-3,39,847,V03-118,24.0,Verknámsstofa,20.0
VR-3,39,848,V03-119,12.0,Verkstæði,
VR-3,39,849,V03-121,12.0,Verkstæði,
VR-3,39,850,V03-123,12.0,Verkstæði,
VR-3,39,811,V03-125,7.0,Skrifstofa,
VR-3,39,812,V03-126,7.0,Skrifstofa,
VR-3,39,797,V03-131,7.0,Skrifstofa,
VR-3,39,798,V03-132,7.0,Skrifstofa,
VR-3,39,799,V03-133,7.0,Skrifstofa,
VR-3,39,800,V03-134,7.0,Skrifstofa,
VR-3,39,838,V03-136,12.0,Verkstæði,
VR-3,39,801,V03-137,7.0,Skrifstofa,
VR-3,39,839,V03-142,12.0,Verkstæði,
VR-3,39,802,V03-201,7.0,Skrifstofa,
VR-3,39,803,V03-202,7.0,Skrifstofa,
VR-3,39,804,V03-204,7.0,Skrifstofa,
VR-3,39,805,V03-205,7.0,Skrifstofa,
VR-3,39,806,V03-206,7.0,Skrifstofa,
VR-3,39,807,V03-207,7.0,Skrifstofa,
VR-3,39,808,V03-208,7.0,Skrifstofa,
VR-3,39,809,V03-209,7.0,Skrifstofa,
Þjóðarbókhlaða,45,1278,Stofa 1,25.0,Vinnurými,40.0
Þjóðarbókhlaða,45,1288,Stofa 4.hæð,25.0,Vinnurými,30.0
Þjóðminjasafnið,61,1281,Þjóðminjasafnið,1.0,Fyrirlestrasalur,56.0
